name,imo,mmsi,detail_url,source
VOLGONEFT-111,8230663,273436920,https://war-sanctions.gur.gov.ua/en/transport/shadow-fleet/841,GUR War & Sanctions – Marine vessels
VOLGONEFT-251,8231057,273349500,https://war-sanctions.gur.gov.ua/en/transport/shadow-fleet/1045,GUR War & Sanctions – Marine vessels
PARTIZANSK,8700096,273336730,https://war-sanctions.gur.gov.ua/en/transport/shadow-fleet/988,GUR War & Sanctions – Marine vessels
VANINO,8724779,273331620,https://war-sanctions.gur.gov.ua/en/transport/shadow-fleet/1240,GUR War & Sanctions – Marine vessels
VOLGONEFT-105,8727915,273311170,https://war-sanctions.gur.gov.ua/en/transport/shadow-fleet/842,GUR War & Sanctions – Marine vessels
KAPITAN PSHENITSIN,8727941,273344600,https://war-sanctions.gur.gov.ua/en/transport/shadow-fleet/1097,GUR War & Sanctions – Marine vessels
BRONCO,8808525,511101785,https://war-sanctions.gur.gov.ua/en/transport/shadow-fleet/1029,GUR War & Sanctions – Marine vessels
NIMBUS SPB,8821761,273350170,https://war-sanctions.gur.gov.ua/en/transport/shadow-fleet/981,GUR War & Sanctions – Marine vessels
VOLGONEFT-160,8867129,273341100,https://war-sanctions.gur.gov.ua/en/transport/shadow-fleet/1044,GUR War & Sanctions – Marine vessels
OLEG PERVAK,8881369,273451910,https://war-sanctions.gur.gov.ua/en/transport/shadow-fleet/1130,GUR War & Sanctions – Marine vessels
IGOR ORLOV,8892007,273270200,https://war-sanctions.gur.gov.ua/en/transport/shadow-fleet/843,GUR War & Sanctions – Marine vessels
AGINSKOYE,8894536,273554300,https://war-sanctions.gur.gov.ua/en/transport/shadow-fleet/1079,GUR War & Sanctions – Marine vessels
VOLGONEFT-217,8925414,273310170,https://war-sanctions.gur.gov.ua/en/transport/shadow-fleet/844,GUR War & Sanctions – Marine vessels
VOLGONEFT-117,8925426,273437920,https://war-sanctions.gur.gov.ua/en/transport/shadow-fleet/845,GUR War & Sanctions – Marine vessels
GLOBAL ASPHALT,9005338,,https://war-sanctions.gur.gov.ua/en/transport/shadow-fleet/1112,GUR War & Sanctions – Marine vessels
FOGAS,9012886,620800106,https://war-sanctions.gur.gov.ua/en/transport/shadow-fleet/1270,GUR War & Sanctions – Marine vessels
MILLEROVO,9035541,273351980,https://war-sanctions.gur.gov.ua/en/transport/shadow-fleet/924,GUR War & Sanctions – Marine vessels
ZIRAN,9041655,750767000,https://war-sanctions.gur.gov.ua/en/transport/shadow-fleet/1285,GUR War & Sanctions – Marine vessels
IMMANUEL,9056571,273378220,https://war-sanctions.gur.gov.ua/en/transport/shadow-fleet/987,GUR War & Sanctions – Marine vessels
OSTROV RUSSKIY,9087714,273610060,https://war-sanctions.gur.gov.ua/en/transport/shadow-fleet/1018,GUR War & Sanctions – Marine vessels
ITAUGUA,9102277,620999528,https://war-sanctions.gur.gov.ua/en/transport/shadow-fleet/818,GUR War & Sanctions – Marine vessels
NOBEL,9105114,613709612,https://war-sanctions.gur.gov.ua/en/transport/shadow-fleet/925,GUR War & Sanctions – Marine vessels
TAIMYR,9105140,273432830,https://war-sanctions.gur.gov.ua/en/transport/shadow-fleet/857,GUR War & Sanctions – Marine vessels
GLOBAL CREST,9113094,372463000,https://war-sanctions.gur.gov.ua/en/transport/shadow-fleet/1114,GUR War & Sanctions – Marine vessels
MT KONSTANTINOVSK,9113276,273454260,https://war-sanctions.gur.gov.ua/en/transport/shadow-fleet/1042,GUR War & Sanctions – Marine vessels
TONDA SOURCE,9127667,603898000,https://war-sanctions.gur.gov.ua/en/transport/shadow-fleet/1180,GUR War & Sanctions – Marine vessels
ORION,9131357,613003807,https://war-sanctions.gur.gov.ua/en/transport/shadow-fleet/610,GUR War & Sanctions – Marine vessels
CARUZO,9137648,667002403,https://war-sanctions.gur.gov.ua/en/transport/shadow-fleet/858,GUR War & Sanctions – Marine vessels
OKEAN,9142916,273378580,https://war-sanctions.gur.gov.ua/en/transport/shadow-fleet/1017,GUR War & Sanctions – Marine vessels
BODHI,9144782,613003728,https://war-sanctions.gur.gov.ua/en/transport/shadow-fleet/261,GUR War & Sanctions – Marine vessels
ODIN,9151890,273426280,https://war-sanctions.gur.gov.ua/en/transport/shadow-fleet/980,GUR War & Sanctions – Marine vessels
LYDYA N,9153525,613569709,https://war-sanctions.gur.gov.ua/en/transport/shadow-fleet/820,GUR War & Sanctions – Marine vessels
THEMIR,9154000,620800008,https://war-sanctions.gur.gov.ua/en/transport/shadow-fleet/838,GUR War & Sanctions – Marine vessels
VICTORY LIGHT,9161871,352003191,https://war-sanctions.gur.gov.ua/en/transport/shadow-fleet/926,GUR War & Sanctions – Marine vessels
PETERPAUL,9163269,,https://war-sanctions.gur.gov.ua/en/transport/shadow-fleet/835,GUR War & Sanctions – Marine vessels
ARNO BABAJANYAN,9163764,273210470,https://war-sanctions.gur.gov.ua/en/transport/shadow-fleet/985,GUR War & Sanctions – Marine vessels
AVIOR,9164512,273415140,https://war-sanctions.gur.gov.ua/en/transport/shadow-fleet/986,GUR War & Sanctions – Marine vessels
THOTH,9164718,273253080,https://war-sanctions.gur.gov.ua/en/transport/shadow-fleet/1239,GUR War & Sanctions – Marine vessels
ASTORIA,9166314,273453790,https://war-sanctions.gur.gov.ua/en/transport/shadow-fleet/1062,GUR War & Sanctions – Marine vessels
FT ISLAND,9166675,334017000,https://war-sanctions.gur.gov.ua/en/transport/shadow-fleet/634,GUR War & Sanctions – Marine vessels
ZEVS,9168946,613833000,https://war-sanctions.gur.gov.ua/en/transport/shadow-fleet/465,GUR War & Sanctions – Marine vessels
MASAL,9169421,422169700,https://war-sanctions.gur.gov.ua/en/transport/shadow-fleet/755,GUR War & Sanctions – Marine vessels
CILICIA,9171175,273436640,https://war-sanctions.gur.gov.ua/en/transport/shadow-fleet/927,GUR War & Sanctions – Marine vessels
PIONЕ,9171345,511101538,https://war-sanctions.gur.gov.ua/en/transport/shadow-fleet/935,GUR War & Sanctions – Marine vessels
IMPALAS,9171448,668116257,https://war-sanctions.gur.gov.ua/en/transport/shadow-fleet/1092,GUR War & Sanctions – Marine vessels
CHIL 1,9171498,307100000,https://war-sanctions.gur.gov.ua/en/transport/shadow-fleet/1109,GUR War & Sanctions – Marine vessels
PU YANG,9174220,750769000,https://war-sanctions.gur.gov.ua/en/transport/shadow-fleet/392,GUR War & Sanctions – Marine vessels
ARES,9174397,649114000,https://war-sanctions.gur.gov.ua/en/transport/shadow-fleet/1258,GUR War & Sanctions – Marine vessels
ZAMBRA,9175078,629009050,https://war-sanctions.gur.gov.ua/en/transport/shadow-fleet/989,GUR War & Sanctions – Marine vessels
KATSUYA,9178068,629009490,https://war-sanctions.gur.gov.ua/en/transport/shadow-fleet/1263,GUR War & Sanctions – Marine vessels
ASTERIX,9181194,629009370,https://war-sanctions.gur.gov.ua/en/transport/shadow-fleet/828,GUR War & Sanctions – Marine vessels
AMOR,9182291,,https://war-sanctions.gur.gov.ua/en/transport/shadow-fleet/1108,GUR War & Sanctions – Marine vessels
ION,9183271,613003744,https://war-sanctions.gur.gov.ua/en/transport/shadow-fleet/637,GUR War & Sanctions – Marine vessels
NEON,9183295,667002409,https://war-sanctions.gur.gov.ua/en/transport/shadow-fleet/513,GUR War & Sanctions – Marine vessels
GELOR,9185528,613081409,https://war-sanctions.gur.gov.ua/en/transport/shadow-fleet/469,GUR War & Sanctions – Marine vessels
MERU,9187227,620999801,https://war-sanctions.gur.gov.ua/en/transport/shadow-fleet/479,GUR War & Sanctions – Marine vessels
KYLO,9189146,620800028,https://war-sanctions.gur.gov.ua/en/transport/shadow-fleet/575,GUR War & Sanctions – Marine vessels
GLOBAL ACE,9190078,374808000,https://war-sanctions.gur.gov.ua/en/transport/shadow-fleet/1110,GUR War & Sanctions – Marine vessels
YATEEKA,9191553,,https://war-sanctions.gur.gov.ua/en/transport/shadow-fleet/839,GUR War & Sanctions – Marine vessels
DELIVER,9194983,629009044,https://war-sanctions.gur.gov.ua/en/transport/shadow-fleet/530,GUR War & Sanctions – Marine vessels
SKAGE,9194995,314001089,https://war-sanctions.gur.gov.ua/en/transport/shadow-fleet/455,GUR War & Sanctions – Marine vessels
ELVA,9196644,668116202,https://war-sanctions.gur.gov.ua/en/transport/shadow-fleet/632,GUR War & Sanctions – Marine vessels
HORNET,9197844,306193000,https://war-sanctions.gur.gov.ua/en/transport/shadow-fleet/391,GUR War & Sanctions – Marine vessels
GLOBAL STAR,9198082,,https://war-sanctions.gur.gov.ua/en/transport/shadow-fleet/773,GUR War & Sanctions – Marine vessels
MD MIRANDA,9198290,570101472,https://war-sanctions.gur.gov.ua/en/transport/shadow-fleet/937,GUR War & Sanctions – Marine vessels
PHONIX,9198317,,https://war-sanctions.gur.gov.ua/en/transport/shadow-fleet/757,GUR War & Sanctions – Marine vessels
MARIA,9198783,273610900,https://war-sanctions.gur.gov.ua/en/transport/shadow-fleet/657,GUR War & Sanctions – Marine vessels
KOEN,9199127,352001461,https://war-sanctions.gur.gov.ua/en/transport/shadow-fleet/566,GUR War & Sanctions – Marine vessels
TRUGEN,9200861,616999482,https://war-sanctions.gur.gov.ua/en/transport/shadow-fleet/1181,GUR War & Sanctions – Marine vessels
VORAS,9203265,613916701,https://war-sanctions.gur.gov.ua/en/transport/shadow-fleet/396,GUR War & Sanctions – Marine vessels
LEXI,9203277,,https://war-sanctions.gur.gov.ua/en/transport/shadow-fleet/819,GUR War & Sanctions – Marine vessels
SEATURBO,9204764,620834000,https://war-sanctions.gur.gov.ua/en/transport/shadow-fleet/1177,GUR War & Sanctions – Marine vessels
VIKRAM,9205067,613429702,https://war-sanctions.gur.gov.ua/en/transport/shadow-fleet/547,GUR War & Sanctions – Marine vessels
RANGLER,9206671,613670000,https://war-sanctions.gur.gov.ua/en/transport/shadow-fleet/542,GUR War & Sanctions – Marine vessels
VERNAL,9207027,667002362,https://war-sanctions.gur.gov.ua/en/transport/shadow-fleet/523,GUR War & Sanctions – Marine vessels
STELLAR BEVERLY,9208069,372839000,https://war-sanctions.gur.gov.ua/en/transport/shadow-fleet/527,GUR War & Sanctions – Marine vessels
SKY RIDER,9208124,511100837,https://war-sanctions.gur.gov.ua/en/transport/shadow-fleet/859,GUR War & Sanctions – Marine vessels
HONG LU,9208215,306253000,https://war-sanctions.gur.gov.ua/en/transport/shadow-fleet/375,GUR War & Sanctions – Marine vessels
TEMIRO,9209972,,https://war-sanctions.gur.gov.ua/en/transport/shadow-fleet/802,GUR War & Sanctions – Marine vessels
ELPIS,9212400,620999876,https://war-sanctions.gur.gov.ua/en/transport/shadow-fleet/831,GUR War & Sanctions – Marine vessels
TELESTO,9213296,314001023,https://war-sanctions.gur.gov.ua/en/transport/shadow-fleet/567,GUR War & Sanctions – Marine vessels
ALBEDO,9213313,314001114,https://war-sanctions.gur.gov.ua/en/transport/shadow-fleet/591,GUR War & Sanctions – Marine vessels
ATLANTIS MZ,9218181,620800003,https://war-sanctions.gur.gov.ua/en/transport/shadow-fleet/860,GUR War & Sanctions – Marine vessels
BENTLEY,9220914,518999247,https://war-sanctions.gur.gov.ua/en/transport/shadow-fleet/936,GUR War & Sanctions – Marine vessels
BERNICE,9220926,311001527,https://war-sanctions.gur.gov.ua/en/transport/shadow-fleet/928,GUR War & Sanctions – Marine vessels
MANTA,9220938,629009390,https://war-sanctions.gur.gov.ua/en/transport/shadow-fleet/574,GUR War & Sanctions – Marine vessels
GLOBAL BEAUTY,9221267,352004530,https://war-sanctions.gur.gov.ua/en/transport/shadow-fleet/1113,GUR War & Sanctions – Marine vessels
ELZA,9221671,306720000,https://war-sanctions.gur.gov.ua/en/transport/shadow-fleet/390,GUR War & Sanctions – Marine vessels
CHEETAH II,9222560,610000051,https://war-sanctions.gur.gov.ua/en/transport/shadow-fleet/782,GUR War & Sanctions – Marine vessels
NICHOLA,9224271,750307000,https://war-sanctions.gur.gov.ua/en/transport/shadow-fleet/395,GUR War & Sanctions – Marine vessels
NEER 1,9224283,629009466,https://war-sanctions.gur.gov.ua/en/transport/shadow-fleet/481,GUR War & Sanctions – Marine vessels
OCTANS,9224295,668116213,https://war-sanctions.gur.gov.ua/en/transport/shadow-fleet/393,GUR War & Sanctions – Marine vessels
CAROLINE BEZENGI,9224439,613271605,https://war-sanctions.gur.gov.ua/en/transport/shadow-fleet/1212,GUR War & Sanctions – Marine vessels
FIRN,9224441,352003221,https://war-sanctions.gur.gov.ua/en/transport/shadow-fleet/426,GUR War & Sanctions – Marine vessels
OLAF 1,9224465,620999796,https://war-sanctions.gur.gov.ua/en/transport/shadow-fleet/467,GUR War & Sanctions – Marine vessels
OXIS,9224805,613612000,https://war-sanctions.gur.gov.ua/en/transport/shadow-fleet/717,GUR War & Sanctions – Marine vessels
ARLAN,9227443,667002314,https://war-sanctions.gur.gov.ua/en/transport/shadow-fleet/551,GUR War & Sanctions – Marine vessels
NOBEL M,9228784,314001017,https://war-sanctions.gur.gov.ua/en/transport/shadow-fleet/938,GUR War & Sanctions – Marine vessels
ODUNE,9229374,667002337,https://war-sanctions.gur.gov.ua/en/transport/shadow-fleet/475,GUR War & Sanctions – Marine vessels
CERES I,9229439,668116233,https://war-sanctions.gur.gov.ua/en/transport/shadow-fleet/631,GUR War & Sanctions – Marine vessels
SKADI,9230971,352421000,https://war-sanctions.gur.gov.ua/en/transport/shadow-fleet/1095,GUR War & Sanctions – Marine vessels
XANTHOS EOS,9231212,306761000,https://war-sanctions.gur.gov.ua/en/transport/shadow-fleet/704,GUR War & Sanctions – Marine vessels
TREND,9231509,632001140,https://war-sanctions.gur.gov.ua/en/transport/shadow-fleet/525,GUR War & Sanctions – Marine vessels
ADALYNN,9231767,305091000,https://war-sanctions.gur.gov.ua/en/transport/shadow-fleet/930,GUR War & Sanctions – Marine vessels
PING SHUN,9231901,,https://war-sanctions.gur.gov.ua/en/transport/shadow-fleet/837,GUR War & Sanctions – Marine vessels
AILANA,9232888,667002025,https://war-sanctions.gur.gov.ua/en/transport/shadow-fleet/582,GUR War & Sanctions – Marine vessels
MAISHA,9232929,610000032,https://war-sanctions.gur.gov.ua/en/transport/shadow-fleet/931,GUR War & Sanctions – Marine vessels
NARCISSUS,9232931,352002661,https://war-sanctions.gur.gov.ua/en/transport/shadow-fleet/532,GUR War & Sanctions – Marine vessels
VESNA,9233349,312242000,https://war-sanctions.gur.gov.ua/en/transport/shadow-fleet/471,GUR War & Sanctions – Marine vessels
MITZEL,9233741,620999869,https://war-sanctions.gur.gov.ua/en/transport/shadow-fleet/454,GUR War & Sanctions – Marine vessels
AULIS,9233765,306900000,https://war-sanctions.gur.gov.ua/en/transport/shadow-fleet/656,GUR War & Sanctions – Marine vessels
OCEAN II,9233777,613661401,https://war-sanctions.gur.gov.ua/en/transport/shadow-fleet/1201,GUR War & Sanctions – Marine vessels
STABILLIS I,9234501,610000050,https://war-sanctions.gur.gov.ua/en/transport/shadow-fleet/814,GUR War & Sanctions – Marine vessels
KOALA,9234642,305262000,https://war-sanctions.gur.gov.ua/en/transport/shadow-fleet/524,GUR War & Sanctions – Marine vessels
ADELINE G,9234666,352002297,https://war-sanctions.gur.gov.ua/en/transport/shadow-fleet/1251,GUR War & Sanctions – Marine vessels
COATLICUE,9235000,621819083,https://war-sanctions.gur.gov.ua/en/transport/shadow-fleet/594,GUR War & Sanctions – Marine vessels
TAVARIS CASSEL,9235244,307080000,https://war-sanctions.gur.gov.ua/en/transport/shadow-fleet/1089,GUR War & Sanctions – Marine vessels
AMBER 6,9235713,550167020,https://war-sanctions.gur.gov.ua/en/transport/shadow-fleet/495,GUR War & Sanctions – Marine vessels
FUGA BLUEMARINE,9235725,629009500,https://war-sanctions.gur.gov.ua/en/transport/shadow-fleet/449,GUR War & Sanctions – Marine vessels
YURI,9235737,306408000,https://war-sanctions.gur.gov.ua/en/transport/shadow-fleet/762,GUR War & Sanctions – Marine vessels
KAIROS,9236004,629009598,https://war-sanctions.gur.gov.ua/en/transport/shadow-fleet/483,GUR War & Sanctions – Marine vessels
VISION,9236016,305099000,https://war-sanctions.gur.gov.ua/en/transport/shadow-fleet/1148,GUR War & Sanctions – Marine vessels
FENGHUANG,9236248,,https://war-sanctions.gur.gov.ua/en/transport/shadow-fleet/836,GUR War & Sanctions – Marine vessels
BLUE,9236353,550071140,https://war-sanctions.gur.gov.ua/en/transport/shadow-fleet/565,GUR War & Sanctions – Marine vessels
ONYX,9236640,,https://war-sanctions.gur.gov.ua/en/transport/shadow-fleet/713,GUR War & Sanctions – Marine vessels
PRIMORYE,9236743,273210220,https://war-sanctions.gur.gov.ua/en/transport/shadow-fleet/1204,GUR War & Sanctions – Marine vessels
MACKEREL,9236755,629009376,https://war-sanctions.gur.gov.ua/en/transport/shadow-fleet/939,GUR War & Sanctions – Marine vessels
ROBERTA,9237008,636023554,https://war-sanctions.gur.gov.ua/en/transport/shadow-fleet/1261,GUR War & Sanctions – Marine vessels
SOMA,9237228,307060000,https://war-sanctions.gur.gov.ua/en/transport/shadow-fleet/546,GUR War & Sanctions – Marine vessels
HANSON,9237412,,https://war-sanctions.gur.gov.ua/en/transport/shadow-fleet/516,GUR War & Sanctions – Marine vessels
STAR FOREST,9237632,477949100,https://war-sanctions.gur.gov.ua/en/transport/shadow-fleet/774,GUR War & Sanctions – Marine vessels
TIMA,9237797,750099000,https://war-sanctions.gur.gov.ua/en/transport/shadow-fleet/826,GUR War & Sanctions – Marine vessels
FREYA,9238052,,https://war-sanctions.gur.gov.ua/en/transport/shadow-fleet/662,GUR War & Sanctions – Marine vessels
MACHO QUEEN,9238868,477722100,https://war-sanctions.gur.gov.ua/en/transport/shadow-fleet/1264,GUR War & Sanctions – Marine vessels
CARINA,9240512,987109000,https://war-sanctions.gur.gov.ua/en/transport/shadow-fleet/380,GUR War & Sanctions – Marine vessels
LONGEVITY 7,9240885,511101781,https://war-sanctions.gur.gov.ua/en/transport/shadow-fleet/861,GUR War & Sanctions – Marine vessels
MARIGOLD,9242118,306801000,https://war-sanctions.gur.gov.ua/en/transport/shadow-fleet/394,GUR War & Sanctions – Marine vessels
NYANTARA,9242120,,https://war-sanctions.gur.gov.ua/en/transport/shadow-fleet/1106,GUR War & Sanctions – Marine vessels
ADONIA,9242223,306124000,https://war-sanctions.gur.gov.ua/en/transport/shadow-fleet/447,GUR War & Sanctions – Marine vessels
AMAK,9244635,629009410,https://war-sanctions.gur.gov.ua/en/transport/shadow-fleet/827,GUR War & Sanctions – Marine vessels
MARIEL,9247376,667002425,https://war-sanctions.gur.gov.ua/en/transport/shadow-fleet/1144,GUR War & Sanctions – Marine vessels
TYCHE I,9247390,352002704,https://war-sanctions.gur.gov.ua/en/transport/shadow-fleet/389,GUR War & Sanctions – Marine vessels
INDRI,9247429,667002491,https://war-sanctions.gur.gov.ua/en/transport/shadow-fleet/1146,GUR War & Sanctions – Marine vessels
REGAL I,9247431,,https://war-sanctions.gur.gov.ua/en/transport/shadow-fleet/562,GUR War & Sanctions – Marine vessels
QUARTANUS,9247443,,https://war-sanctions.gur.gov.ua/en/transport/shadow-fleet/895,GUR War & Sanctions – Marine vessels
BREEZ,9247778,620800101,https://war-sanctions.gur.gov.ua/en/transport/shadow-fleet/1167,GUR War & Sanctions – Marine vessels
TURACO,9247780,620999926,https://war-sanctions.gur.gov.ua/en/transport/shadow-fleet/564,GUR War & Sanctions – Marine vessels
CECILA,9247792,613412600,https://war-sanctions.gur.gov.ua/en/transport/shadow-fleet/512,GUR War & Sanctions – Marine vessels
SAPNA,9247883,667002270,https://war-sanctions.gur.gov.ua/en/transport/shadow-fleet/453,GUR War & Sanctions – Marine vessels
URANUS,9248485,636014160,https://war-sanctions.gur.gov.ua/en/transport/shadow-fleet/1164,GUR War & Sanctions – Marine vessels
IRON WAVE,9248796,511101765,https://war-sanctions.gur.gov.ua/en/transport/shadow-fleet/971,GUR War & Sanctions – Marine vessels
ASCENDANT,9248801,,https://war-sanctions.gur.gov.ua/en/transport/shadow-fleet/636,GUR War & Sanctions – Marine vessels
SILVERA,9248849,667002338,https://war-sanctions.gur.gov.ua/en/transport/shadow-fleet/535,GUR War & Sanctions – Marine vessels
HS GLORY,9249087,632001118,https://war-sanctions.gur.gov.ua/en/transport/shadow-fleet/43,GUR War & Sanctions – Marine vessels
SAKHALIN,9249128,273259630,https://war-sanctions.gur.gov.ua/en/transport/shadow-fleet/162,GUR War & Sanctions – Marine vessels
PEACE,9249130,610000053,https://war-sanctions.gur.gov.ua/en/transport/shadow-fleet/583,GUR War & Sanctions – Marine vessels
IZOLA,9249312,667001624,https://war-sanctions.gur.gov.ua/en/transport/shadow-fleet/529,GUR War & Sanctions – Marine vessels
IZUMO,9249324,,https://war-sanctions.gur.gov.ua/en/transport/shadow-fleet/572,GUR War & Sanctions – Marine vessels
ROZMARINE,9250531,,https://war-sanctions.gur.gov.ua/en/transport/shadow-fleet/520,GUR War & Sanctions – Marine vessels
INVICTA,9250543,,https://war-sanctions.gur.gov.ua/en/transport/shadow-fleet/581,GUR War & Sanctions – Marine vessels
ORYX,9250737,314001139,https://war-sanctions.gur.gov.ua/en/transport/shadow-fleet/917,GUR War & Sanctions – Marine vessels
MIKATI,9250892,667002308,https://war-sanctions.gur.gov.ua/en/transport/shadow-fleet/445,GUR War & Sanctions – Marine vessels
RANI,9250907,632001134,https://war-sanctions.gur.gov.ua/en/transport/shadow-fleet/1105,GUR War & Sanctions – Marine vessels
CRIUS,9251274,352002070,https://war-sanctions.gur.gov.ua/en/transport/shadow-fleet/595,GUR War & Sanctions – Marine vessels
BOLTARIS,9251456,610000052,https://war-sanctions.gur.gov.ua/en/transport/shadow-fleet/901,GUR War & Sanctions – Marine vessels
SEABASS,9251640,620847000,https://war-sanctions.gur.gov.ua/en/transport/shadow-fleet/1173,GUR War & Sanctions – Marine vessels
CROSS OCEAN,9251810,306404000,https://war-sanctions.gur.gov.ua/en/transport/shadow-fleet/378,GUR War & Sanctions – Marine vessels
SPRITE,9252333,304803000,https://war-sanctions.gur.gov.ua/en/transport/shadow-fleet/779,GUR War & Sanctions – Marine vessels
SEAL,9252400,629009388,https://war-sanctions.gur.gov.ua/en/transport/shadow-fleet/942,GUR War & Sanctions – Marine vessels
BRIONT,9252955,352002147,https://war-sanctions.gur.gov.ua/en/transport/shadow-fleet/592,GUR War & Sanctions – Marine vessels
GRACEP,9252967,314105000,https://war-sanctions.gur.gov.ua/en/transport/shadow-fleet/949,GUR War & Sanctions – Marine vessels
REUS,9253076,667002335,https://war-sanctions.gur.gov.ua/en/transport/shadow-fleet/508,GUR War & Sanctions – Marine vessels
SATNA,9253234,655883000,https://war-sanctions.gur.gov.ua/en/transport/shadow-fleet/896,GUR War & Sanctions – Marine vessels
MATARI,9253313,667001281,https://war-sanctions.gur.gov.ua/en/transport/shadow-fleet/1031,GUR War & Sanctions – Marine vessels
ROSALIN,9253325,668116325,https://war-sanctions.gur.gov.ua/en/transport/shadow-fleet/444,GUR War & Sanctions – Marine vessels
DESTAMAR,9253894,550071160,https://war-sanctions.gur.gov.ua/en/transport/shadow-fleet/482,GUR War & Sanctions – Marine vessels
JAMES II,9253909,511100897,https://war-sanctions.gur.gov.ua/en/transport/shadow-fleet/1034,GUR War & Sanctions – Marine vessels
CAMILLA,9254850,636020658,https://war-sanctions.gur.gov.ua/en/transport/shadow-fleet/1256,GUR War & Sanctions – Marine vessels
ADENA,9254862,636020606,https://war-sanctions.gur.gov.ua/en/transport/shadow-fleet/1252,GUR War & Sanctions – Marine vessels
WHITE CONDOR I,9255244,307026000,https://war-sanctions.gur.gov.ua/en/transport/shadow-fleet/1010,GUR War & Sanctions – Marine vessels
PIONEER,9255282,273254770,https://war-sanctions.gur.gov.ua/en/transport/shadow-fleet/944,GUR War & Sanctions – Marine vessels
SEAHAKER,9255488,620999405,https://war-sanctions.gur.gov.ua/en/transport/shadow-fleet/1176,GUR War & Sanctions – Marine vessels
SERENA,9255660,629009448,https://war-sanctions.gur.gov.ua/en/transport/shadow-fleet/553,GUR War & Sanctions – Marine vessels
LEBRE,9255672,667001242,https://war-sanctions.gur.gov.ua/en/transport/shadow-fleet/602,GUR War & Sanctions – Marine vessels
GOLDEN EAGLE,9255684,629009590,https://war-sanctions.gur.gov.ua/en/transport/shadow-fleet/1058,GUR War & Sanctions – Marine vessels
SEA MARINE 1,9255830,574322000,https://war-sanctions.gur.gov.ua/en/transport/shadow-fleet/781,GUR War & Sanctions – Marine vessels
SEGINUS,9256028,352004634,https://war-sanctions.gur.gov.ua/en/transport/shadow-fleet/1149,GUR War & Sanctions – Marine vessels
NEVSKIY PROSPECT,9256054,273258030,https://war-sanctions.gur.gov.ua/en/transport/shadow-fleet/163,GUR War & Sanctions – Marine vessels
LIGOVSKY PROSPECT,9256066,273251810,https://war-sanctions.gur.gov.ua/en/transport/shadow-fleet/184,GUR War & Sanctions – Marine vessels
LITEYNY PROSPECT,9256078,273254130,https://war-sanctions.gur.gov.ua/en/transport/shadow-fleet/164,GUR War & Sanctions – Marine vessels
DELFINA,9256248,636022667,https://war-sanctions.gur.gov.ua/en/transport/shadow-fleet/1257,GUR War & Sanctions – Marine vessels
ELMO,9256913,,https://war-sanctions.gur.gov.ua/en/transport/shadow-fleet/758,GUR War & Sanctions – Marine vessels
KONGM,9256975,570322000,https://war-sanctions.gur.gov.ua/en/transport/shadow-fleet/1262,GUR War & Sanctions – Marine vessels
STAR TWINKLE 6,9256987,352003519,https://war-sanctions.gur.gov.ua/en/transport/shadow-fleet/1096,GUR War & Sanctions – Marine vessels
BOSCA,9257022,621819068,https://war-sanctions.gur.gov.ua/en/transport/shadow-fleet/432,GUR War & Sanctions – Marine vessels
MIN HANG,9257137,518999094,https://war-sanctions.gur.gov.ua/en/transport/shadow-fleet/576,GUR War & Sanctions – Marine vessels
NESO,9257149,,https://war-sanctions.gur.gov.ua/en/transport/shadow-fleet/823,GUR War & Sanctions – Marine vessels
FURIA,9257802,667001248,https://war-sanctions.gur.gov.ua/en/transport/shadow-fleet/568,GUR War & Sanctions – Marine vessels
TOREX,9257814,577008000,https://war-sanctions.gur.gov.ua/en/transport/shadow-fleet/509,GUR War & Sanctions – Marine vessels
AMELL,9257993,,https://war-sanctions.gur.gov.ua/en/transport/shadow-fleet/705,GUR War & Sanctions – Marine vessels
KAZAN,9258002,273259910,https://war-sanctions.gur.gov.ua/en/transport/shadow-fleet/183,GUR War & Sanctions – Marine vessels
NOSTOS,9258014,636019667,https://war-sanctions.gur.gov.ua/en/transport/shadow-fleet/945,GUR War & Sanctions – Marine vessels
EDERRA,9258026,613914210,https://war-sanctions.gur.gov.ua/en/transport/shadow-fleet/801,GUR War & Sanctions – Marine vessels
AKAR WEST,9258167,629009536,https://war-sanctions.gur.gov.ua/en/transport/shadow-fleet/763,GUR War & Sanctions – Marine vessels
LAUREN II,9258521,,https://war-sanctions.gur.gov.ua/en/transport/shadow-fleet/694,GUR War & Sanctions – Marine vessels
NOCTIS,9258868,620999845,https://war-sanctions.gur.gov.ua/en/transport/shadow-fleet/456,GUR War & Sanctions – Marine vessels
CARCHARODON,9258882,629009570,https://war-sanctions.gur.gov.ua/en/transport/shadow-fleet/1007,GUR War & Sanctions – Marine vessels
DAKSHA,9259185,620999378,https://war-sanctions.gur.gov.ua/en/transport/shadow-fleet/278,GUR War & Sanctions – Marine vessels
SKYLYN,9259197,750064000,https://war-sanctions.gur.gov.ua/en/transport/shadow-fleet/464,GUR War & Sanctions – Marine vessels
DAVINA,9259367,306531000,https://war-sanctions.gur.gov.ua/en/transport/shadow-fleet/376,GUR War & Sanctions – Marine vessels
LAURYN,9259599,632001102,https://war-sanctions.gur.gov.ua/en/transport/shadow-fleet/38,GUR War & Sanctions – Marine vessels
YI TONG,9259733,352002051,https://war-sanctions.gur.gov.ua/en/transport/shadow-fleet/783,GUR War & Sanctions – Marine vessels
ETERNAL PEACE,9259745,306723000,https://war-sanctions.gur.gov.ua/en/transport/shadow-fleet/862,GUR War & Sanctions – Marine vessels
BIANCA,9259927,636023688,https://war-sanctions.gur.gov.ua/en/transport/shadow-fleet/1255,GUR War & Sanctions – Marine vessels
PERIDOT,9259991,577389000,https://war-sanctions.gur.gov.ua/en/transport/shadow-fleet/1008,GUR War & Sanctions – Marine vessels
VISION,9260067,629009378,https://war-sanctions.gur.gov.ua/en/transport/shadow-fleet/1038,GUR War & Sanctions – Marine vessels
KATRAN,9260275,667002357,https://war-sanctions.gur.gov.ua/en/transport/shadow-fleet/863,GUR War & Sanctions – Marine vessels
ARMADA LEADER,9260483,273448000,https://war-sanctions.gur.gov.ua/en/transport/shadow-fleet/1206,GUR War & Sanctions – Marine vessels
FIESTA,9260823,667002321,https://war-sanctions.gur.gov.ua/en/transport/shadow-fleet/487,GUR War & Sanctions – Marine vessels
QUARTZ,9261401,511101792,https://war-sanctions.gur.gov.ua/en/transport/shadow-fleet/1291,GUR War & Sanctions – Marine vessels
HANNAH,9261619,613511201,https://war-sanctions.gur.gov.ua/en/transport/shadow-fleet/864,GUR War & Sanctions – Marine vessels
C VIKING,9261657,667002414,https://war-sanctions.gur.gov.ua/en/transport/shadow-fleet/810,GUR War & Sanctions – Marine vessels
BERG 1,9262168,306199000,https://war-sanctions.gur.gov.ua/en/transport/shadow-fleet/388,GUR War & Sanctions – Marine vessels
FIONA II,9262766,351073000,https://war-sanctions.gur.gov.ua/en/transport/shadow-fleet/633,GUR War & Sanctions – Marine vessels
UTAKI,9262924,667002334,https://war-sanctions.gur.gov.ua/en/transport/shadow-fleet/621,GUR War & Sanctions – Marine vessels
SOUTH STAR,9263186,630001103,https://war-sanctions.gur.gov.ua/en/transport/shadow-fleet/950,GUR War & Sanctions – Marine vessels
NORDIMAR GALE,9263198,577677000,https://war-sanctions.gur.gov.ua/en/transport/shadow-fleet/951,GUR War & Sanctions – Marine vessels
STORM PEARL,9263203,577104000,https://war-sanctions.gur.gov.ua/en/transport/shadow-fleet/970,GUR War & Sanctions – Marine vessels
BIG MAG,9263215,356336000,https://war-sanctions.gur.gov.ua/en/transport/shadow-fleet/1091,GUR War & Sanctions – Marine vessels
FRUNZE,9263643,518998343,https://war-sanctions.gur.gov.ua/en/transport/shadow-fleet/561,GUR War & Sanctions – Marine vessels
SINO STAR,9263693,477642800,https://war-sanctions.gur.gov.ua/en/transport/shadow-fleet/1221,GUR War & Sanctions – Marine vessels
PM BACTON,9264283,667002454,https://war-sanctions.gur.gov.ua/en/transport/shadow-fleet/811,GUR War & Sanctions – Marine vessels
NAYARA,9264570,511101768,https://war-sanctions.gur.gov.ua/en/transport/shadow-fleet/544,GUR War & Sanctions – Marine vessels
OMRA,9264881,750766000,https://war-sanctions.gur.gov.ua/en/transport/shadow-fleet/1163,GUR War & Sanctions – Marine vessels
SUNNY,9265756,629009608,https://war-sanctions.gur.gov.ua/en/transport/shadow-fleet/500,GUR War & Sanctions – Marine vessels
KAMELOT,9265873,667002405,https://war-sanctions.gur.gov.ua/en/transport/shadow-fleet/865,GUR War & Sanctions – Marine vessels
SEA MAVERICK,9265885,667002316,https://war-sanctions.gur.gov.ua/en/transport/shadow-fleet/866,GUR War & Sanctions – Marine vessels
SAURI,9266475,613003808,https://war-sanctions.gur.gov.ua/en/transport/shadow-fleet/804,GUR War & Sanctions – Marine vessels
SEAHORSE,9266750,314901000,https://war-sanctions.gur.gov.ua/en/transport/shadow-fleet/921,GUR War & Sanctions – Marine vessels
SEA RAKER,9266762,255916308,https://war-sanctions.gur.gov.ua/en/transport/shadow-fleet/956,GUR War & Sanctions – Marine vessels
NEW POWER,9266853,620800046,https://war-sanctions.gur.gov.ua/en/transport/shadow-fleet/708,GUR War & Sanctions – Marine vessels
BIVOLA,9266865,352004768,https://war-sanctions.gur.gov.ua/en/transport/shadow-fleet/1056,GUR War & Sanctions – Marine vessels
PIERRE,9266877,667002336,https://war-sanctions.gur.gov.ua/en/transport/shadow-fleet/1033,GUR War & Sanctions – Marine vessels
OLIA,9268112,629009588,https://war-sanctions.gur.gov.ua/en/transport/shadow-fleet/578,GUR War & Sanctions – Marine vessels
SONDOS,9268186,305263000,https://war-sanctions.gur.gov.ua/en/transport/shadow-fleet/1266,GUR War & Sanctions – Marine vessels
CINDY,9270517,314001094,https://war-sanctions.gur.gov.ua/en/transport/shadow-fleet/536,GUR War & Sanctions – Marine vessels
Krymsk,9270529,273259230,https://war-sanctions.gur.gov.ua/en/transport/shadow-fleet/165,GUR War & Sanctions – Marine vessels
BELA,9270749,511101827,https://war-sanctions.gur.gov.ua/en/transport/shadow-fleet/1021,GUR War & Sanctions – Marine vessels
VIEW,9271327,632001123,https://war-sanctions.gur.gov.ua/en/transport/shadow-fleet/663,GUR War & Sanctions – Marine vessels
YUAN QI,9271406,620999875,https://war-sanctions.gur.gov.ua/en/transport/shadow-fleet/834,GUR War & Sanctions – Marine vessels
KOMANDER,9271585,273274930,https://war-sanctions.gur.gov.ua/en/transport/shadow-fleet/419,GUR War & Sanctions – Marine vessels
MOCHA,9271951,629009582,https://war-sanctions.gur.gov.ua/en/transport/shadow-fleet/635,GUR War & Sanctions – Marine vessels
POLARIS 1,9272694,422546600,https://war-sanctions.gur.gov.ua/en/transport/shadow-fleet/825,GUR War & Sanctions – Marine vessels
GARUDA,9272931,630001159,https://war-sanctions.gur.gov.ua/en/transport/shadow-fleet/947,GUR War & Sanctions – Marine vessels
SOUFIA 1,9273052,,https://war-sanctions.gur.gov.ua/en/transport/shadow-fleet/570,GUR War & Sanctions – Marine vessels
STARWAY,9273246,352004620,https://war-sanctions.gur.gov.ua/en/transport/shadow-fleet/946,GUR War & Sanctions – Marine vessels
ALEXANDRA,9273260,636023078,https://war-sanctions.gur.gov.ua/en/transport/shadow-fleet/1253,GUR War & Sanctions – Marine vessels
TIFANI,9273337,511101651,https://war-sanctions.gur.gov.ua/en/transport/shadow-fleet/1179,GUR War & Sanctions – Marine vessels
ASTRA,9273387,574005470,https://war-sanctions.gur.gov.ua/en/transport/shadow-fleet/655,GUR War & Sanctions – Marine vessels
BLUE EMBER,9273442,629009610,https://war-sanctions.gur.gov.ua/en/transport/shadow-fleet/1013,GUR War & Sanctions – Marine vessels
TM HAI HA 568,9274082,574004200,https://war-sanctions.gur.gov.ua/en/transport/shadow-fleet/1125,GUR War & Sanctions – Marine vessels
SHANGRI LA,9274434,620999836,https://war-sanctions.gur.gov.ua/en/transport/shadow-fleet/484,GUR War & Sanctions – Marine vessels
SORION,9274446,632001085,https://war-sanctions.gur.gov.ua/en/transport/shadow-fleet/45,GUR War & Sanctions – Marine vessels
LXH,9274525,352002251,https://war-sanctions.gur.gov.ua/en/transport/shadow-fleet/1202,GUR War & Sanctions – Marine vessels
DEIMOS,9274616,632001101,https://war-sanctions.gur.gov.ua/en/transport/shadow-fleet/46,GUR War & Sanctions – Marine vessels
ASTRAL,9274800,668116219,https://war-sanctions.gur.gov.ua/en/transport/shadow-fleet/498,GUR War & Sanctions – Marine vessels
ROC,9275660,352004455,https://war-sanctions.gur.gov.ua/en/transport/shadow-fleet/1090,GUR War & Sanctions – Marine vessels
BLAGE,9275763,655983000,https://war-sanctions.gur.gov.ua/en/transport/shadow-fleet/979,GUR War & Sanctions – Marine vessels
PEGASUS,9276028,629009654,https://war-sanctions.gur.gov.ua/en/transport/shadow-fleet/718,GUR War & Sanctions – Marine vessels
ECHO,9276030,314972000,https://war-sanctions.gur.gov.ua/en/transport/shadow-fleet/624,GUR War & Sanctions – Marine vessels
PRS OCEAN,9276561,629009508,https://war-sanctions.gur.gov.ua/en/transport/shadow-fleet/603,GUR War & Sanctions – Marine vessels
FABULE,9276573,,https://war-sanctions.gur.gov.ua/en/transport/shadow-fleet/817,GUR War & Sanctions – Marine vessels
CH BILLION,9276585,,https://war-sanctions.gur.gov.ua/en/transport/shadow-fleet/772,GUR War & Sanctions – Marine vessels
ROSALIND,9277735,632001136,https://war-sanctions.gur.gov.ua/en/transport/shadow-fleet/281,GUR War & Sanctions – Marine vessels
ELISE,9277747,511101695,https://war-sanctions.gur.gov.ua/en/transport/shadow-fleet/571,GUR War & Sanctions – Marine vessels
LARK,9277759,511101731,https://war-sanctions.gur.gov.ua/en/transport/shadow-fleet/1023,GUR War & Sanctions – Marine vessels
SOFOS,9278064,667002413,https://war-sanctions.gur.gov.ua/en/transport/shadow-fleet/867,GUR War & Sanctions – Marine vessels
DING XIANG,9280366,,https://war-sanctions.gur.gov.ua/en/transport/shadow-fleet/830,GUR War & Sanctions – Marine vessels
FURY,9280873,632001128,https://war-sanctions.gur.gov.ua/en/transport/shadow-fleet/384,GUR War & Sanctions – Marine vessels
APUS,9280885,352001692,https://war-sanctions.gur.gov.ua/en/transport/shadow-fleet/651,GUR War & Sanctions – Marine vessels
JI HANG,9281009,613829601,https://war-sanctions.gur.gov.ua/en/transport/shadow-fleet/1055,GUR War & Sanctions – Marine vessels
DIANCHI,9281011,620999854,https://war-sanctions.gur.gov.ua/en/transport/shadow-fleet/501,GUR War & Sanctions – Marine vessels
AQUILA II,9281152,352001694,https://war-sanctions.gur.gov.ua/en/transport/shadow-fleet/652,GUR War & Sanctions – Marine vessels
MEDNA,9281683,620999315,https://war-sanctions.gur.gov.ua/en/transport/shadow-fleet/628,GUR War & Sanctions – Marine vessels
MEROPE,9281891,,https://war-sanctions.gur.gov.ua/en/transport/shadow-fleet/466,GUR War & Sanctions – Marine vessels
ABHRA,9282041,750709000,https://war-sanctions.gur.gov.ua/en/transport/shadow-fleet/785,GUR War & Sanctions – Marine vessels
SIONA,9282106,620800099,https://war-sanctions.gur.gov.ua/en/transport/shadow-fleet/1273,GUR War & Sanctions – Marine vessels
OLINA,9282479,668116324,https://war-sanctions.gur.gov.ua/en/transport/shadow-fleet/606,GUR War & Sanctions – Marine vessels
TAGOR,9282481,,https://war-sanctions.gur.gov.ua/en/transport/shadow-fleet/580,GUR War & Sanctions – Marine vessels
ASTERI,9282493,629009042,https://war-sanctions.gur.gov.ua/en/transport/shadow-fleet/493,GUR War & Sanctions – Marine vessels
CAUVERI,9282508,352002074,https://war-sanctions.gur.gov.ua/en/transport/shadow-fleet/593,GUR War & Sanctions – Marine vessels
AQUA LIVE,9282792,307031000,https://war-sanctions.gur.gov.ua/en/transport/shadow-fleet/569,GUR War & Sanctions – Marine vessels
ATLANTICOS,9282986,273617650,https://war-sanctions.gur.gov.ua/en/transport/shadow-fleet/977,GUR War & Sanctions – Marine vessels
DIGNITY,9283241,273253500,https://war-sanctions.gur.gov.ua/en/transport/shadow-fleet/658,GUR War & Sanctions – Marine vessels
DUSK,9283289,629009770,https://war-sanctions.gur.gov.ua/en/transport/shadow-fleet/457,GUR War & Sanctions – Marine vessels
TIBURON,9283291,667001287,https://war-sanctions.gur.gov.ua/en/transport/shadow-fleet/554,GUR War & Sanctions – Marine vessels
FINA A,9283306,550071125,https://war-sanctions.gur.gov.ua/en/transport/shadow-fleet/1004,GUR War & Sanctions – Marine vessels
SHAH ISMAYIL KHATAI,9284116,423205100,https://war-sanctions.gur.gov.ua/en/transport/shadow-fleet/1064,GUR War & Sanctions – Marine vessels
PANDA,9284582,750109000,https://war-sanctions.gur.gov.ua/en/transport/shadow-fleet/579,GUR War & Sanctions – Marine vessels
LEOPARD,9284594,574005550,https://war-sanctions.gur.gov.ua/en/transport/shadow-fleet/573,GUR War & Sanctions – Marine vessels
BONIFACY,9284726,613003743,https://war-sanctions.gur.gov.ua/en/transport/shadow-fleet/868,GUR War & Sanctions – Marine vessels
NIL 308,9285744,629009476,https://war-sanctions.gur.gov.ua/en/transport/shadow-fleet/646,GUR War & Sanctions – Marine vessels
BILI,9285756,629009484,https://war-sanctions.gur.gov.ua/en/transport/shadow-fleet/630,GUR War & Sanctions – Marine vessels
SEA FIDELITY,9285835,620999927,https://war-sanctions.gur.gov.ua/en/transport/shadow-fleet/407,GUR War & Sanctions – Marine vessels
SIRIUS 1,9285847,620999839,https://war-sanctions.gur.gov.ua/en/transport/shadow-fleet/734,GUR War & Sanctions – Marine vessels
PACIFIC RUNNER,9285859,650640000,https://war-sanctions.gur.gov.ua/en/transport/shadow-fleet/405,GUR War & Sanctions – Marine vessels
NEXT,9286023,630001114,https://war-sanctions.gur.gov.ua/en/transport/shadow-fleet/1014,GUR War & Sanctions – Marine vessels
RCELEBRA,9286073,613902500,https://war-sanctions.gur.gov.ua/en/transport/shadow-fleet/808,GUR War & Sanctions – Marine vessels
SAMADHA,9286281,667002428,https://war-sanctions.gur.gov.ua/en/transport/shadow-fleet/1041,GUR War & Sanctions – Marine vessels
LEGACY CREST,9286657,,https://war-sanctions.gur.gov.ua/en/transport/shadow-fleet/266,GUR War & Sanctions – Marine vessels
MARINE SPIRIT,9288019,620999969,https://war-sanctions.gur.gov.ua/en/transport/shadow-fleet/824,GUR War & Sanctions – Marine vessels
WEN YAO,9288095,306254000,https://war-sanctions.gur.gov.ua/en/transport/shadow-fleet/385,GUR War & Sanctions – Marine vessels
TWENTY ONE,9288265,,https://war-sanctions.gur.gov.ua/en/transport/shadow-fleet/756,GUR War & Sanctions – Marine vessels
CONICO ATLAS,9288693,620800015,https://war-sanctions.gur.gov.ua/en/transport/shadow-fleet/433,GUR War & Sanctions – Marine vessels
AURO,9288708,620999725,https://war-sanctions.gur.gov.ua/en/transport/shadow-fleet/408,GUR War & Sanctions – Marine vessels
KARS,9288710,620999998,https://war-sanctions.gur.gov.ua/en/transport/shadow-fleet/406,GUR War & Sanctions – Marine vessels
BRAVE DISCOVERER,9288722,620800016,https://war-sanctions.gur.gov.ua/en/transport/shadow-fleet/410,GUR War & Sanctions – Marine vessels
ARABESCA,9288734,667001321,https://war-sanctions.gur.gov.ua/en/transport/shadow-fleet/543,GUR War & Sanctions – Marine vessels
MARATHON,9288746,620999965,https://war-sanctions.gur.gov.ua/en/transport/shadow-fleet/431,GUR War & Sanctions – Marine vessels
GRINCH,9288851,,https://war-sanctions.gur.gov.ua/en/transport/shadow-fleet/502,GUR War & Sanctions – Marine vessels
VALENTE,9288863,629009566,https://war-sanctions.gur.gov.ua/en/transport/shadow-fleet/1011,GUR War & Sanctions – Marine vessels
YUG,9288875,620999317,https://war-sanctions.gur.gov.ua/en/transport/shadow-fleet/1161,GUR War & Sanctions – Marine vessels
NORELLA,9288899,667002027,https://war-sanctions.gur.gov.ua/en/transport/shadow-fleet/265,GUR War & Sanctions – Marine vessels
PACIFICOS,9288930,273616650,https://war-sanctions.gur.gov.ua/en/transport/shadow-fleet/975,GUR War & Sanctions – Marine vessels
SUZDAL,9288992,273444330,https://war-sanctions.gur.gov.ua/en/transport/shadow-fleet/1098,GUR War & Sanctions – Marine vessels
M SOPHIA,9289477,374933000,https://war-sanctions.gur.gov.ua/en/transport/shadow-fleet/695,GUR War & Sanctions – Marine vessels
BENDIGO,9289491,306269000,https://war-sanctions.gur.gov.ua/en/transport/shadow-fleet/383,GUR War & Sanctions – Marine vessels
PACKARD,9289518,314001078,https://war-sanctions.gur.gov.ua/en/transport/shadow-fleet/869,GUR War & Sanctions – Marine vessels
DHEZI,9289520,306667000,https://war-sanctions.gur.gov.ua/en/transport/shadow-fleet/260,GUR War & Sanctions – Marine vessels
BRIDGET,9289532,314001077,https://war-sanctions.gur.gov.ua/en/transport/shadow-fleet/870,GUR War & Sanctions – Marine vessels
GENJI,9289738,620800042,https://war-sanctions.gur.gov.ua/en/transport/shadow-fleet/913,GUR War & Sanctions – Marine vessels
SAVITRI,9289752,667002039,https://war-sanctions.gur.gov.ua/en/transport/shadow-fleet/585,GUR War & Sanctions – Marine vessels
MAISAN,9289776,610000040,https://war-sanctions.gur.gov.ua/en/transport/shadow-fleet/871,GUR War & Sanctions – Marine vessels
HULDA,9290309,668116313,https://war-sanctions.gur.gov.ua/en/transport/shadow-fleet/448,GUR War & Sanctions – Marine vessels
LADY LOUISE,9290323,352003797,https://war-sanctions.gur.gov.ua/en/transport/shadow-fleet/780,GUR War & Sanctions – Marine vessels
JUMBO,9290335,352005093,https://war-sanctions.gur.gov.ua/en/transport/shadow-fleet/427,GUR War & Sanctions – Marine vessels
KONYA,9290373,352003605,https://war-sanctions.gur.gov.ua/en/transport/shadow-fleet/1219,GUR War & Sanctions – Marine vessels
VAYU 1,9290517,610107137,https://war-sanctions.gur.gov.ua/en/transport/shadow-fleet/812,GUR War & Sanctions – Marine vessels
DORIN,9290828,610107121,https://war-sanctions.gur.gov.ua/en/transport/shadow-fleet/952,GUR War & Sanctions – Marine vessels
VICTORY ARI,9290919,305049000,https://war-sanctions.gur.gov.ua/en/transport/shadow-fleet/1267,GUR War & Sanctions – Marine vessels
BEAST,9290921,667001236,https://war-sanctions.gur.gov.ua/en/transport/shadow-fleet/840,GUR War & Sanctions – Marine vessels
CORTEX,9291250,620999137,https://war-sanctions.gur.gov.ua/en/transport/shadow-fleet/477,GUR War & Sanctions – Marine vessels
SILVAR,9291262,352001887,https://war-sanctions.gur.gov.ua/en/transport/shadow-fleet/616,GUR War & Sanctions – Marine vessels
TOPAZ,9292034,620800027,https://war-sanctions.gur.gov.ua/en/transport/shadow-fleet/742,GUR War & Sanctions – Marine vessels
NOVA CREST,9292046,314960000,https://war-sanctions.gur.gov.ua/en/transport/shadow-fleet/764,GUR War & Sanctions – Marine vessels
TANGO,9292058,629009664,https://war-sanctions.gur.gov.ua/en/transport/shadow-fleet/740,GUR War & Sanctions – Marine vessels
TALISMAN,9292060,,https://war-sanctions.gur.gov.ua/en/transport/shadow-fleet/739,GUR War & Sanctions – Marine vessels
BERTHA,9292163,518999103,https://war-sanctions.gur.gov.ua/en/transport/shadow-fleet/629,GUR War & Sanctions – Marine vessels
KAYSERI,9292199,352003627,https://war-sanctions.gur.gov.ua/en/transport/shadow-fleet/1217,GUR War & Sanctions – Marine vessels
AMAZON,9292204,461000219,https://war-sanctions.gur.gov.ua/en/transport/shadow-fleet/273,GUR War & Sanctions – Marine vessels
CRYSTAL ROSE,9292228,352001298,https://war-sanctions.gur.gov.ua/en/transport/shadow-fleet/377,GUR War & Sanctions – Marine vessels
TORERO M,9292503,550071157,https://war-sanctions.gur.gov.ua/en/transport/shadow-fleet/555,GUR War & Sanctions – Marine vessels
RICCA,9292577,352002725,https://war-sanctions.gur.gov.ua/en/transport/shadow-fleet/1032,GUR War & Sanctions – Marine vessels
TEAM,9292589,577095000,https://war-sanctions.gur.gov.ua/en/transport/shadow-fleet/1012,GUR War & Sanctions – Marine vessels
LISTIGA,9292838,667002323,https://war-sanctions.gur.gov.ua/en/transport/shadow-fleet/1061,GUR War & Sanctions – Marine vessels
SAI,9292979,352002775,https://war-sanctions.gur.gov.ua/en/transport/shadow-fleet/617,GUR War & Sanctions – Marine vessels
NOBLE WALKER,9292981,307025000,https://war-sanctions.gur.gov.ua/en/transport/shadow-fleet/614,GUR War & Sanctions – Marine vessels
NASLEDIE,9293002,273279840,https://war-sanctions.gur.gov.ua/en/transport/shadow-fleet/515,GUR War & Sanctions – Marine vessels
SUN,9293117,304736000,https://war-sanctions.gur.gov.ua/en/transport/shadow-fleet/531,GUR War & Sanctions – Marine vessels
BENEDICT,9293155,629009474,https://war-sanctions.gur.gov.ua/en/transport/shadow-fleet/510,GUR War & Sanctions – Marine vessels
SATURN A,9293337,305007000,https://war-sanctions.gur.gov.ua/en/transport/shadow-fleet/966,GUR War & Sanctions – Marine vessels
FOTUO,9293959,613902601,https://war-sanctions.gur.gov.ua/en/transport/shadow-fleet/967,GUR War & Sanctions – Marine vessels
KHALASI,9293997,626463000,https://war-sanctions.gur.gov.ua/en/transport/shadow-fleet/948,GUR War & Sanctions – Marine vessels
CHONGCHON,9294123,621819112,https://war-sanctions.gur.gov.ua/en/transport/shadow-fleet/768,GUR War & Sanctions – Marine vessels
LILY,9294331,353502000,https://war-sanctions.gur.gov.ua/en/transport/shadow-fleet/786,GUR War & Sanctions – Marine vessels
MARJORIE,9296377,577678000,https://war-sanctions.gur.gov.ua/en/transport/shadow-fleet/1188,GUR War & Sanctions – Marine vessels
PETA LUMINA,9296391,314909000,https://war-sanctions.gur.gov.ua/en/transport/shadow-fleet/267,GUR War & Sanctions – Marine vessels
RIGEL,9296406,655881000,https://war-sanctions.gur.gov.ua/en/transport/shadow-fleet/434,GUR War & Sanctions – Marine vessels
SENSUS,9296585,632001119,https://war-sanctions.gur.gov.ua/en/transport/shadow-fleet/52,GUR War & Sanctions – Marine vessels
PROMETEI,9296597,667001378,https://war-sanctions.gur.gov.ua/en/transport/shadow-fleet/872,GUR War & Sanctions – Marine vessels
MISSONI,9296810,352002353,https://war-sanctions.gur.gov.ua/en/transport/shadow-fleet/577,GUR War & Sanctions – Marine vessels
SAGITTA,9296822,750067000,https://war-sanctions.gur.gov.ua/en/transport/shadow-fleet/446,GUR War & Sanctions – Marine vessels
ASLAN KHADARCEV,9297199,273440780,https://war-sanctions.gur.gov.ua/en/transport/shadow-fleet/908,GUR War & Sanctions – Marine vessels
SALVIA,9297319,306268000,https://war-sanctions.gur.gov.ua/en/transport/shadow-fleet/381,GUR War & Sanctions – Marine vessels
URSUS MARITIMUS,9297345,636022406,https://war-sanctions.gur.gov.ua/en/transport/shadow-fleet/620,GUR War & Sanctions – Marine vessels
YANHU,9297357,620999848,https://war-sanctions.gur.gov.ua/en/transport/shadow-fleet/496,GUR War & Sanctions – Marine vessels
URSUS ARCTOS,9297369,636022405,https://war-sanctions.gur.gov.ua/en/transport/shadow-fleet/894,GUR War & Sanctions – Marine vessels
DIVA 1,9297371,620999805,https://war-sanctions.gur.gov.ua/en/transport/shadow-fleet/422,GUR War & Sanctions – Marine vessels
MONTE 1,9297553,352005256,https://war-sanctions.gur.gov.ua/en/transport/shadow-fleet/1054,GUR War & Sanctions – Marine vessels
WALRUS,9297888,610107094,https://war-sanctions.gur.gov.ua/en/transport/shadow-fleet/639,GUR War & Sanctions – Marine vessels
LILIANA,9297905,636024578,https://war-sanctions.gur.gov.ua/en/transport/shadow-fleet/1259,GUR War & Sanctions – Marine vessels
TOA PAYOH,9298492,632001161,https://war-sanctions.gur.gov.ua/en/transport/shadow-fleet/787,GUR War & Sanctions – Marine vessels
DORRY,9298595,629009564,https://war-sanctions.gur.gov.ua/en/transport/shadow-fleet/1067,GUR War & Sanctions – Marine vessels
SOFIA K,9299123,352002667,https://war-sanctions.gur.gov.ua/en/transport/shadow-fleet/899,GUR War & Sanctions – Marine vessels
MANDALA,9299135,636022672,https://war-sanctions.gur.gov.ua/en/transport/shadow-fleet/1292,GUR War & Sanctions – Marine vessels
KORD ATLANTIC,9299161,273454890,https://war-sanctions.gur.gov.ua/en/transport/shadow-fleet/982,GUR War & Sanctions – Marine vessels
VELES,9299173,273337270,https://war-sanctions.gur.gov.ua/en/transport/shadow-fleet/978,GUR War & Sanctions – Marine vessels
BELLAGIO,9299446,636024318,https://war-sanctions.gur.gov.ua/en/transport/shadow-fleet/1254,GUR War & Sanctions – Marine vessels
PAOLA,9299458,610000065,https://war-sanctions.gur.gov.ua/en/transport/shadow-fleet/1260,GUR War & Sanctions – Marine vessels
PHOENIX CROWN,9299496,525103018,https://war-sanctions.gur.gov.ua/en/transport/shadow-fleet/968,GUR War & Sanctions – Marine vessels
DASHAN,9299666,620999986,https://war-sanctions.gur.gov.ua/en/transport/shadow-fleet/491,GUR War & Sanctions – Marine vessels
PRISMA,9299678,667001243,https://war-sanctions.gur.gov.ua/en/transport/shadow-fleet/1050,GUR War & Sanctions – Marine vessels
CANGJIE,9299680,419001990,https://war-sanctions.gur.gov.ua/en/transport/shadow-fleet/660,GUR War & Sanctions – Marine vessels
CELT,9299692,461000233,https://war-sanctions.gur.gov.ua/en/transport/shadow-fleet/401,GUR War & Sanctions – Marine vessels
GUANYIN,9299707,636012383,https://war-sanctions.gur.gov.ua/en/transport/shadow-fleet/596,GUR War & Sanctions – Marine vessels
OTLA,9299719,620999925,https://war-sanctions.gur.gov.ua/en/transport/shadow-fleet/216,GUR War & Sanctions – Marine vessels
LEONA,9299721,668116311,https://war-sanctions.gur.gov.ua/en/transport/shadow-fleet/586,GUR War & Sanctions – Marine vessels
NAGARJUNA,9299733,668116372,https://war-sanctions.gur.gov.ua/en/transport/shadow-fleet/414,GUR War & Sanctions – Marine vessels
APUS,9299745,669611000,https://war-sanctions.gur.gov.ua/en/transport/shadow-fleet/39,GUR War & Sanctions – Marine vessels
AQUATICA,9299769,629009682,https://war-sanctions.gur.gov.ua/en/transport/shadow-fleet/558,GUR War & Sanctions – Marine vessels
MIRES,9299771,667002360,https://war-sanctions.gur.gov.ua/en/transport/shadow-fleet/607,GUR War & Sanctions – Marine vessels
TENDUA,9299862,667002199,https://war-sanctions.gur.gov.ua/en/transport/shadow-fleet/919,GUR War & Sanctions – Marine vessels
VIPER,9299874,511101798,https://war-sanctions.gur.gov.ua/en/transport/shadow-fleet/1068,GUR War & Sanctions – Marine vessels
JASPER,9299886,577376000,https://war-sanctions.gur.gov.ua/en/transport/shadow-fleet/991,GUR War & Sanctions – Marine vessels
TURBO VOYAGER,9299898,677083800,https://war-sanctions.gur.gov.ua/en/transport/shadow-fleet/409,GUR War & Sanctions – Marine vessels
DEYNA,9299903,657990050,https://war-sanctions.gur.gov.ua/en/transport/shadow-fleet/664,GUR War & Sanctions – Marine vessels
PAVEL CHERNYSH,9301380,273264760,https://war-sanctions.gur.gov.ua/en/transport/shadow-fleet/690,GUR War & Sanctions – Marine vessels
KAPITAN KOSTICHEV,9301392,273264590,https://war-sanctions.gur.gov.ua/en/transport/shadow-fleet/550,GUR War & Sanctions – Marine vessels
VIKTOR TITOV,9301407,629009618,https://war-sanctions.gur.gov.ua/en/transport/shadow-fleet/693,GUR War & Sanctions – Marine vessels
YURI SENKEVICH,9301419,620999851,https://war-sanctions.gur.gov.ua/en/transport/shadow-fleet/674,GUR War & Sanctions – Marine vessels
VICTOR KONETSKY,9301421,629009614,https://war-sanctions.gur.gov.ua/en/transport/shadow-fleet/692,GUR War & Sanctions – Marine vessels
DENEB,9301524,,https://war-sanctions.gur.gov.ua/en/transport/shadow-fleet/478,GUR War & Sanctions – Marine vessels
SARA II,9301615,636022546,https://war-sanctions.gur.gov.ua/en/transport/shadow-fleet/51,GUR War & Sanctions – Marine vessels
YODAN,9304356,577006000,https://war-sanctions.gur.gov.ua/en/transport/shadow-fleet/549,GUR War & Sanctions – Marine vessels
CHENG HE,9304629,668116333,https://war-sanctions.gur.gov.ua/en/transport/shadow-fleet/1063,GUR War & Sanctions – Marine vessels
VERA,9304655,306267000,https://war-sanctions.gur.gov.ua/en/transport/shadow-fleet/382,GUR War & Sanctions – Marine vessels
JALDHARA,9304825,630001182,https://war-sanctions.gur.gov.ua/en/transport/shadow-fleet/424,GUR War & Sanctions – Marine vessels
BREEZE,9305568,668116320,https://war-sanctions.gur.gov.ua/en/transport/shadow-fleet/331,GUR War & Sanctions – Marine vessels
RHEIN,9306562,630001105,https://war-sanctions.gur.gov.ua/en/transport/shadow-fleet/1070,GUR War & Sanctions – Marine vessels
WU TONG,9306627,,https://war-sanctions.gur.gov.ua/en/transport/shadow-fleet/597,GUR War & Sanctions – Marine vessels
KARELIYA,9306782,273257910,https://war-sanctions.gur.gov.ua/en/transport/shadow-fleet/185,GUR War & Sanctions – Marine vessels
CAVALIER,9306794,461000235,https://war-sanctions.gur.gov.ua/en/transport/shadow-fleet/272,GUR War & Sanctions – Marine vessels
INNOVATOR,9306809,477165100,https://war-sanctions.gur.gov.ua/en/transport/shadow-fleet/1203,GUR War & Sanctions – Marine vessels
FLORA 1,9307815,511101742,https://war-sanctions.gur.gov.ua/en/transport/shadow-fleet/803,GUR War & Sanctions – Marine vessels
TONIL,9307932,,https://war-sanctions.gur.gov.ua/en/transport/shadow-fleet/759,GUR War & Sanctions – Marine vessels
EVENTIN,9308065,,https://war-sanctions.gur.gov.ua/en/transport/shadow-fleet/528,GUR War & Sanctions – Marine vessels
TYCHE 1,9308077,352001823,https://war-sanctions.gur.gov.ua/en/transport/shadow-fleet/526,GUR War & Sanctions – Marine vessels
TEMPEST DREAM,9308132,630001117,https://war-sanctions.gur.gov.ua/en/transport/shadow-fleet/1069,GUR War & Sanctions – Marine vessels
ESTELLA,9308170,629009600,https://war-sanctions.gur.gov.ua/en/transport/shadow-fleet/993,GUR War & Sanctions – Marine vessels
INA,9308443,610000035,https://war-sanctions.gur.gov.ua/en/transport/shadow-fleet/784,GUR War & Sanctions – Marine vessels
AMIL,9308778,632001129,https://war-sanctions.gur.gov.ua/en/transport/shadow-fleet/374,GUR War & Sanctions – Marine vessels
BERRA,9308821,667001451,https://war-sanctions.gur.gov.ua/en/transport/shadow-fleet/874,GUR War & Sanctions – Marine vessels
KUSTO,9308833,667001256,https://war-sanctions.gur.gov.ua/en/transport/shadow-fleet/600,GUR War & Sanctions – Marine vessels
RYMO,9308857,352004764,https://war-sanctions.gur.gov.ua/en/transport/shadow-fleet/612,GUR War & Sanctions – Marine vessels
SEASONS I,9308950,352005336,https://war-sanctions.gur.gov.ua/en/transport/shadow-fleet/1051,GUR War & Sanctions – Marine vessels
GLOBAL DIGNITY,9309227,352898795,https://war-sanctions.gur.gov.ua/en/transport/shadow-fleet/1115,GUR War & Sanctions – Marine vessels
SAPPHIRE,9309576,649113000,https://war-sanctions.gur.gov.ua/en/transport/shadow-fleet/689,GUR War & Sanctions – Marine vessels
SYMPHONY,9309588,620999862,https://war-sanctions.gur.gov.ua/en/transport/shadow-fleet/738,GUR War & Sanctions – Marine vessels
QENDIL,9310525,461000286,https://war-sanctions.gur.gov.ua/en/transport/shadow-fleet/429,GUR War & Sanctions – Marine vessels
AGATE,9310707,577078000,https://war-sanctions.gur.gov.ua/en/transport/shadow-fleet/1015,GUR War & Sanctions – Marine vessels
GLOBAL ANGEL,9311309,353283000,https://war-sanctions.gur.gov.ua/en/transport/shadow-fleet/1111,GUR War & Sanctions – Marine vessels
LINDOR,9311531,629009602,https://war-sanctions.gur.gov.ua/en/transport/shadow-fleet/470,GUR War & Sanctions – Marine vessels
TORX,9311610,352005255,https://war-sanctions.gur.gov.ua/en/transport/shadow-fleet/1184,GUR War & Sanctions – Marine vessels
DINASTY,9311622,461000242,https://war-sanctions.gur.gov.ua/en/transport/shadow-fleet/330,GUR War & Sanctions – Marine vessels
HUIHAI ATLANTIC,9312872,655081771,https://war-sanctions.gur.gov.ua/en/transport/shadow-fleet/700,GUR War & Sanctions – Marine vessels
KEMEROVO,9312884,273250830,https://war-sanctions.gur.gov.ua/en/transport/shadow-fleet/161,GUR War & Sanctions – Marine vessels
KRASNOYARSK,9312896,273257030,https://war-sanctions.gur.gov.ua/en/transport/shadow-fleet/166,GUR War & Sanctions – Marine vessels
TASCA,9313149,,https://war-sanctions.gur.gov.ua/en/transport/shadow-fleet/696,GUR War & Sanctions – Marine vessels
JACKLYN,9313498,352005217,https://war-sanctions.gur.gov.ua/en/transport/shadow-fleet/855,GUR War & Sanctions – Marine vessels
LYRA,9314088,352001732,https://war-sanctions.gur.gov.ua/en/transport/shadow-fleet/451,GUR War & Sanctions – Marine vessels
MAKALU,9314105,629009658,https://war-sanctions.gur.gov.ua/en/transport/shadow-fleet/480,GUR War & Sanctions – Marine vessels
AGNІ,9314167,621819009,https://war-sanctions.gur.gov.ua/en/transport/shadow-fleet/587,GUR War & Sanctions – Marine vessels
LION S,9314179,334900000,https://war-sanctions.gur.gov.ua/en/transport/shadow-fleet/1124,GUR War & Sanctions – Marine vessels
MILEY,9314818,632001103,https://war-sanctions.gur.gov.ua/en/transport/shadow-fleet/47,GUR War & Sanctions – Marine vessels
OSCAR I,9314820,352003314,https://war-sanctions.gur.gov.ua/en/transport/shadow-fleet/1220,GUR War & Sanctions – Marine vessels
RUNA,9314882,610107082,https://war-sanctions.gur.gov.ua/en/transport/shadow-fleet/897,GUR War & Sanctions – Marine vessels
INDRAS,9314894,667001223,https://war-sanctions.gur.gov.ua/en/transport/shadow-fleet/920,GUR War & Sanctions – Marine vessels
SPRING,9315446,,https://war-sanctions.gur.gov.ua/en/transport/shadow-fleet/706,GUR War & Sanctions – Marine vessels
SEA HONOR,9315654,655144181,https://war-sanctions.gur.gov.ua/en/transport/shadow-fleet/486,GUR War & Sanctions – Marine vessels
MARQUISE,9315745,314001007,https://war-sanctions.gur.gov.ua/en/transport/shadow-fleet/1119,GUR War & Sanctions – Marine vessels
VEGA,9316127,620999828,https://war-sanctions.gur.gov.ua/en/transport/shadow-fleet/329,GUR War & Sanctions – Marine vessels
KARTHA,9317949,620999997,https://war-sanctions.gur.gov.ua/en/transport/shadow-fleet/413,GUR War & Sanctions – Marine vessels
CHARMINAR,9318022,620800063,https://war-sanctions.gur.gov.ua/en/transport/shadow-fleet/788,GUR War & Sanctions – Marine vessels
SARD,9318034,655890000,https://war-sanctions.gur.gov.ua/en/transport/shadow-fleet/898,GUR War & Sanctions – Marine vessels
SWIFTSEA RIDER,9318539,620999898,https://war-sanctions.gur.gov.ua/en/transport/shadow-fleet/435,GUR War & Sanctions – Marine vessels
SERENADE,9318541,314897000,https://war-sanctions.gur.gov.ua/en/transport/shadow-fleet/277,GUR War & Sanctions – Marine vessels
SAGA,9318553,629009720,https://war-sanctions.gur.gov.ua/en/transport/shadow-fleet/276,GUR War & Sanctions – Marine vessels
NIGHT GLORY,9319674,621819080,https://war-sanctions.gur.gov.ua/en/transport/shadow-fleet/459,GUR War & Sanctions – Marine vessels
HU PO,9319686,667002022,https://war-sanctions.gur.gov.ua/en/transport/shadow-fleet/463,GUR War & Sanctions – Marine vessels
SOLEA,9319703,629009537,https://war-sanctions.gur.gov.ua/en/transport/shadow-fleet/537,GUR War & Sanctions – Marine vessels
MAINI,9319870,629009740,https://war-sanctions.gur.gov.ua/en/transport/shadow-fleet/421,GUR War & Sanctions – Marine vessels
ARYABHATA,9319882,630001163,https://war-sanctions.gur.gov.ua/en/transport/shadow-fleet/428,GUR War & Sanctions – Marine vessels
LAMD,9320843,,https://war-sanctions.gur.gov.ua/en/transport/shadow-fleet/1093,GUR War & Sanctions – Marine vessels
SEA OWL I,9321172,620800094,https://war-sanctions.gur.gov.ua/en/transport/shadow-fleet/1238,GUR War & Sanctions – Marine vessels
EMMA,9321421,750801000,https://war-sanctions.gur.gov.ua/en/transport/shadow-fleet/645,GUR War & Sanctions – Marine vessels
MAVERICK,9321562,668116306,https://war-sanctions.gur.gov.ua/en/transport/shadow-fleet/1229,GUR War & Sanctions – Marine vessels
DAPHNE V,9321677,352002063,https://war-sanctions.gur.gov.ua/en/transport/shadow-fleet/789,GUR War & Sanctions – Marine vessels
NAVIGATOR RIDGE,9321689,650630000,https://war-sanctions.gur.gov.ua/en/transport/shadow-fleet/522,GUR War & Sanctions – Marine vessels
LAHAR,9321691,621819097,https://war-sanctions.gur.gov.ua/en/transport/shadow-fleet/412,GUR War & Sanctions – Marine vessels
LATUR,9321706,620999829,https://war-sanctions.gur.gov.ua/en/transport/shadow-fleet/420,GUR War & Sanctions – Marine vessels
ORVI,9321718,620800029,https://war-sanctions.gur.gov.ua/en/transport/shadow-fleet/1160,GUR War & Sanctions – Marine vessels
AREIA,9321847,668116314,https://war-sanctions.gur.gov.ua/en/transport/shadow-fleet/497,GUR War & Sanctions – Marine vessels
SYNDRA,9321976,,https://war-sanctions.gur.gov.ua/en/transport/shadow-fleet/452,GUR War & Sanctions – Marine vessels
SAHARA,9322267,632001100,https://war-sanctions.gur.gov.ua/en/transport/shadow-fleet/48,GUR War & Sanctions – Marine vessels
PICTOR,9322827,,https://war-sanctions.gur.gov.ua/en/transport/shadow-fleet/50,GUR War & Sanctions – Marine vessels
AVRIL,9322839,632001087,https://war-sanctions.gur.gov.ua/en/transport/shadow-fleet/217,GUR War & Sanctions – Marine vessels
PROSPERITY,9322956,273266690,https://war-sanctions.gur.gov.ua/en/transport/shadow-fleet/688,GUR War & Sanctions – Marine vessels
HYPERION,9322968,620800024,https://war-sanctions.gur.gov.ua/en/transport/shadow-fleet/701,GUR War & Sanctions – Marine vessels
ADITYA,9323314,626479000,https://war-sanctions.gur.gov.ua/en/transport/shadow-fleet/854,GUR War & Sanctions – Marine vessels
KATY,9323326,668116328,https://war-sanctions.gur.gov.ua/en/transport/shadow-fleet/1216,GUR War & Sanctions – Marine vessels
BETTLE,9323338,632001115,https://war-sanctions.gur.gov.ua/en/transport/shadow-fleet/53,GUR War & Sanctions – Marine vessels
TRANQUIL SEA,9323340,334863000,https://war-sanctions.gur.gov.ua/en/transport/shadow-fleet/1222,GUR War & Sanctions – Marine vessels
SINAR G,9323364,352004893,https://war-sanctions.gur.gov.ua/en/transport/shadow-fleet/1290,GUR War & Sanctions – Marine vessels
MARABELLA SUN,9323376,620800018,https://war-sanctions.gur.gov.ua/en/transport/shadow-fleet/609,GUR War & Sanctions – Marine vessels
NORD STAR,9323596,352003296,https://war-sanctions.gur.gov.ua/en/transport/shadow-fleet/879,GUR War & Sanctions – Marine vessels
MARBLE,9323974,511101787,https://war-sanctions.gur.gov.ua/en/transport/shadow-fleet/1024,GUR War & Sanctions – Marine vessels
GARASAN,9323986,655886000,https://war-sanctions.gur.gov.ua/en/transport/shadow-fleet/556,GUR War & Sanctions – Marine vessels
VERONICA III,9326055,352002475,https://war-sanctions.gur.gov.ua/en/transport/shadow-fleet/761,GUR War & Sanctions – Marine vessels
FULGER,9326718,667002327,https://war-sanctions.gur.gov.ua/en/transport/shadow-fleet/552,GUR War & Sanctions – Marine vessels
HERA,9326720,574005330,https://war-sanctions.gur.gov.ua/en/transport/shadow-fleet/473,GUR War & Sanctions – Marine vessels
DUKE OF PEACE,9326861,636020980,https://war-sanctions.gur.gov.ua/en/transport/shadow-fleet/902,GUR War & Sanctions – Marine vessels
ANAYA,9326885,352001906,https://war-sanctions.gur.gov.ua/en/transport/shadow-fleet/809,GUR War & Sanctions – Marine vessels
ARIA,9327360,629009736,https://war-sanctions.gur.gov.ua/en/transport/shadow-fleet/983,GUR War & Sanctions – Marine vessels
OCEAN AMBER,9327372,667002210,https://war-sanctions.gur.gov.ua/en/transport/shadow-fleet/625,GUR War & Sanctions – Marine vessels
BALTIC STAR,9327396,636023657,https://war-sanctions.gur.gov.ua/en/transport/shadow-fleet/907,GUR War & Sanctions – Marine vessels
KAROL,9327413,,https://war-sanctions.gur.gov.ua/en/transport/shadow-fleet/37,GUR War & Sanctions – Marine vessels
AETHER,9328170,632001155,https://war-sanctions.gur.gov.ua/en/transport/shadow-fleet/790,GUR War & Sanctions – Marine vessels
SKYWAVE,9328716,,https://war-sanctions.gur.gov.ua/en/transport/shadow-fleet/815,GUR War & Sanctions – Marine vessels
PROXIMA,9329655,273264690,https://war-sanctions.gur.gov.ua/en/transport/shadow-fleet/720,GUR War & Sanctions – Marine vessels
PACIFIC,9329667,,https://war-sanctions.gur.gov.ua/en/transport/shadow-fleet/765,GUR War & Sanctions – Marine vessels
EAGLE S,9329760,518998865,https://war-sanctions.gur.gov.ua/en/transport/shadow-fleet/638,GUR War & Sanctions – Marine vessels
THORIN,9330472,667001235,https://war-sanctions.gur.gov.ua/en/transport/shadow-fleet/1020,GUR War & Sanctions – Marine vessels
LUMIN,9330599,352004627,https://war-sanctions.gur.gov.ua/en/transport/shadow-fleet/850,GUR War & Sanctions – Marine vessels
NACHOS,9330604,667002359,https://war-sanctions.gur.gov.ua/en/transport/shadow-fleet/777,GUR War & Sanctions – Marine vessels
KELLY GRACE,9331141,620999977,https://war-sanctions.gur.gov.ua/en/transport/shadow-fleet/279,GUR War & Sanctions – Marine vessels
DELVINA,9331153,620999945,https://war-sanctions.gur.gov.ua/en/transport/shadow-fleet/280,GUR War & Sanctions – Marine vessels
NIBLO,9332028,352003666,https://war-sanctions.gur.gov.ua/en/transport/shadow-fleet/1016,GUR War & Sanctions – Marine vessels
MISHELL,9332315,632001156,https://war-sanctions.gur.gov.ua/en/transport/shadow-fleet/1169,GUR War & Sanctions – Marine vessels
BELLARIS,9332614,352001849,https://war-sanctions.gur.gov.ua/en/transport/shadow-fleet/792,GUR War & Sanctions – Marine vessels
AQUA TITAN,9332781,620999999,https://war-sanctions.gur.gov.ua/en/transport/shadow-fleet/460,GUR War & Sanctions – Marine vessels
PUSHPA,9332810,610107116,https://war-sanctions.gur.gov.ua/en/transport/shadow-fleet/411,GUR War & Sanctions – Marine vessels
NICHOLE,9332822,629009350,https://war-sanctions.gur.gov.ua/en/transport/shadow-fleet/608,GUR War & Sanctions – Marine vessels
SOORAJ,9332834,621819012,https://war-sanctions.gur.gov.ua/en/transport/shadow-fleet/436,GUR War & Sanctions – Marine vessels
NOBLE,9333400,,https://war-sanctions.gur.gov.ua/en/transport/shadow-fleet/766,GUR War & Sanctions – Marine vessels
ENIGMA,9333412,,https://war-sanctions.gur.gov.ua/en/transport/shadow-fleet/767,GUR War & Sanctions – Marine vessels
PHOENIX,9333424,668116333,https://war-sanctions.gur.gov.ua/en/transport/shadow-fleet/269,GUR War & Sanctions – Marine vessels
SUCCESS,9333436,620999861,https://war-sanctions.gur.gov.ua/en/transport/shadow-fleet/268,GUR War & Sanctions – Marine vessels
NEMBUS,9334296,626455000,https://war-sanctions.gur.gov.ua/en/transport/shadow-fleet/933,GUR War & Sanctions – Marine vessels
BLUE TALU,9334557,,https://war-sanctions.gur.gov.ua/en/transport/shadow-fleet/910,GUR War & Sanctions – Marine vessels
HORIZZON,9334789,636022668,https://war-sanctions.gur.gov.ua/en/transport/shadow-fleet/1205,GUR War & Sanctions – Marine vessels
VARG,9335094,511101759,https://war-sanctions.gur.gov.ua/en/transport/shadow-fleet/1027,GUR War & Sanctions – Marine vessels
VOLTA RIVER,9336414,352002521,https://war-sanctions.gur.gov.ua/en/transport/shadow-fleet/563,GUR War & Sanctions – Marine vessels
SELVA,9336426,667002033,https://war-sanctions.gur.gov.ua/en/transport/shadow-fleet/511,GUR War & Sanctions – Marine vessels
MYRA,9336490,352002021,https://war-sanctions.gur.gov.ua/en/transport/shadow-fleet/793,GUR War & Sanctions – Marine vessels
URIEL,9336517,626443000,https://war-sanctions.gur.gov.ua/en/transport/shadow-fleet/1223,GUR War & Sanctions – Marine vessels
IVY,9337133,574005380,https://war-sanctions.gur.gov.ua/en/transport/shadow-fleet/702,GUR War & Sanctions – Marine vessels
WEST HORIZON,9337327,511101791,https://war-sanctions.gur.gov.ua/en/transport/shadow-fleet/932,GUR War & Sanctions – Marine vessels
OCEANID,9337341,352005769,https://war-sanctions.gur.gov.ua/en/transport/shadow-fleet/1200,GUR War & Sanctions – Marine vessels
AGNI,9337389,620999422,https://war-sanctions.gur.gov.ua/en/transport/shadow-fleet/545,GUR War & Sanctions – Marine vessels
RIMMA,9337901,511101757,https://war-sanctions.gur.gov.ua/en/transport/shadow-fleet/438,GUR War & Sanctions – Marine vessels
PATE,9338905,667002026,https://war-sanctions.gur.gov.ua/en/transport/shadow-fleet/503,GUR War & Sanctions – Marine vessels
LIPETSK,9339301,273255820,https://war-sanctions.gur.gov.ua/en/transport/shadow-fleet/223,GUR War & Sanctions – Marine vessels
LADOGA,9339313,636013273,https://war-sanctions.gur.gov.ua/en/transport/shadow-fleet/156,GUR War & Sanctions – Marine vessels
LEVEL,9339325,461000246,https://war-sanctions.gur.gov.ua/en/transport/shadow-fleet/262,GUR War & Sanctions – Marine vessels
LEGACY,9339337,620999818,https://war-sanctions.gur.gov.ua/en/transport/shadow-fleet/271,GUR War & Sanctions – Marine vessels
DF PEAK,9341067,610000033,https://war-sanctions.gur.gov.ua/en/transport/shadow-fleet/160,GUR War & Sanctions – Marine vessels
CAPELLA,9341079,620999840,https://war-sanctions.gur.gov.ua/en/transport/shadow-fleet/328,GUR War & Sanctions – Marine vessels
CARMA,9341081,461000252,https://war-sanctions.gur.gov.ua/en/transport/shadow-fleet/336,GUR War & Sanctions – Marine vessels
KOLOMNA,9341093,273250930,https://war-sanctions.gur.gov.ua/en/transport/shadow-fleet/157,GUR War & Sanctions – Marine vessels
LADY LUCY,9341512,750804000,https://war-sanctions.gur.gov.ua/en/transport/shadow-fleet/644,GUR War & Sanctions – Marine vessels
TRIUMPH,9344033,649115000,https://war-sanctions.gur.gov.ua/en/transport/shadow-fleet/743,GUR War & Sanctions – Marine vessels
ELYTE,9345623,511101744,https://war-sanctions.gur.gov.ua/en/transport/shadow-fleet/430,GUR War & Sanctions – Marine vessels
KIRA K,9346720,352002809,https://war-sanctions.gur.gov.ua/en/transport/shadow-fleet/494,GUR War & Sanctions – Marine vessels
HUIHAI PACIFIC,9346732,570294000,https://war-sanctions.gur.gov.ua/en/transport/shadow-fleet/680,GUR War & Sanctions – Marine vessels
MA JIN,9346744,667002086,https://war-sanctions.gur.gov.ua/en/transport/shadow-fleet/504,GUR War & Sanctions – Marine vessels
ELODIE I,9346873,511101770,https://war-sanctions.gur.gov.ua/en/transport/shadow-fleet/976,GUR War & Sanctions – Marine vessels
AURA MARIS,9347308,352002835,https://war-sanctions.gur.gov.ua/en/transport/shadow-fleet/1288,GUR War & Sanctions – Marine vessels
LUCKY FAIRY,9348479,629009706,https://war-sanctions.gur.gov.ua/en/transport/shadow-fleet/604,GUR War & Sanctions – Marine vessels
RUBY CROSS,9350654,620999870,https://war-sanctions.gur.gov.ua/en/transport/shadow-fleet/736,GUR War & Sanctions – Marine vessels
SANDHYA,9352195,629009660,https://war-sanctions.gur.gov.ua/en/transport/shadow-fleet/813,GUR War & Sanctions – Marine vessels
GURU,9353096,620999856,https://war-sanctions.gur.gov.ua/en/transport/shadow-fleet/584,GUR War & Sanctions – Marine vessels
JUN MA,9353113,629009040,https://war-sanctions.gur.gov.ua/en/transport/shadow-fleet/274,GUR War & Sanctions – Marine vessels
ADHARA,9353125,629009656,https://war-sanctions.gur.gov.ua/en/transport/shadow-fleet/778,GUR War & Sanctions – Marine vessels
JAGGER,9354301,620800045,https://war-sanctions.gur.gov.ua/en/transport/shadow-fleet/425,GUR War & Sanctions – Marine vessels
ZALIV AMURSKIY,9354313,620999853,https://war-sanctions.gur.gov.ua/en/transport/shadow-fleet/270,GUR War & Sanctions – Marine vessels
ANHONA,9354521,,https://war-sanctions.gur.gov.ua/en/transport/shadow-fleet/387,GUR War & Sanctions – Marine vessels
FLURA,9354636,273318520,https://war-sanctions.gur.gov.ua/en/transport/shadow-fleet/1047,GUR War & Sanctions – Marine vessels
ZALIV BAIKAL,9360128,620999849,https://war-sanctions.gur.gov.ua/en/transport/shadow-fleet/673,GUR War & Sanctions – Marine vessels
ZALIV VOSTOK,9360130,620999943,https://war-sanctions.gur.gov.ua/en/transport/shadow-fleet/672,GUR War & Sanctions – Marine vessels
INDUS 1,9360415,511101776,https://war-sanctions.gur.gov.ua/en/transport/shadow-fleet/973,GUR War & Sanctions – Marine vessels
FLORA,9365752,,https://war-sanctions.gur.gov.ua/en/transport/shadow-fleet/832,GUR War & Sanctions – Marine vessels
AMEN,9365764,620999935,https://war-sanctions.gur.gov.ua/en/transport/shadow-fleet/829,GUR War & Sanctions – Marine vessels
LYDIA II,9365776,,https://war-sanctions.gur.gov.ua/en/transport/shadow-fleet/833,GUR War & Sanctions – Marine vessels
ACHILLES,9368223,352002679,https://war-sanctions.gur.gov.ua/en/transport/shadow-fleet/437,GUR War & Sanctions – Marine vessels
NEVAH,9368235,620800043,https://war-sanctions.gur.gov.ua/en/transport/shadow-fleet/805,GUR War & Sanctions – Marine vessels
VANITY,9371608,268241802,https://war-sanctions.gur.gov.ua/en/transport/shadow-fleet/760,GUR War & Sanctions – Marine vessels
ELEPHANT,9374868,574005510,https://war-sanctions.gur.gov.ua/en/transport/shadow-fleet/302,GUR War & Sanctions – Marine vessels
ARMADA EXPLORER,9377042,273311240,https://war-sanctions.gur.gov.ua/en/transport/shadow-fleet/1048,GUR War & Sanctions – Marine vessels
MONARCH I,9377779,352005252,https://war-sanctions.gur.gov.ua/en/transport/shadow-fleet/1039,GUR War & Sanctions – Marine vessels
SI HE,9378618,,https://war-sanctions.gur.gov.ua/en/transport/shadow-fleet/733,GUR War & Sanctions – Marine vessels
DALVA,9378620,620800044,https://war-sanctions.gur.gov.ua/en/transport/shadow-fleet/507,GUR War & Sanctions – Marine vessels
MALAK,9378632,620999844,https://war-sanctions.gur.gov.ua/en/transport/shadow-fleet/533,GUR War & Sanctions – Marine vessels
OCEAN AUTUMN,9379052,629009596,https://war-sanctions.gur.gov.ua/en/transport/shadow-fleet/992,GUR War & Sanctions – Marine vessels
VERSA,9379301,352001907,https://war-sanctions.gur.gov.ua/en/transport/shadow-fleet/794,GUR War & Sanctions – Marine vessels
LAFIT,9379698,668116369,https://war-sanctions.gur.gov.ua/en/transport/shadow-fleet/1265,GUR War & Sanctions – Marine vessels
CUMA,9379703,750363000,https://war-sanctions.gur.gov.ua/en/transport/shadow-fleet/386,GUR War & Sanctions – Marine vessels
CENTURION,9380673,667001255,https://war-sanctions.gur.gov.ua/en/transport/shadow-fleet/905,GUR War & Sanctions – Marine vessels
AUGA,9381732,632001084,https://war-sanctions.gur.gov.ua/en/transport/shadow-fleet/40,GUR War & Sanctions – Marine vessels
ANTILA,9381744,632001112,https://war-sanctions.gur.gov.ua/en/transport/shadow-fleet/44,GUR War & Sanctions – Marine vessels
EVERDINE,9382073,307170000,https://war-sanctions.gur.gov.ua/en/transport/shadow-fleet/1156,GUR War & Sanctions – Marine vessels
DENVER,9382712,668116346,https://war-sanctions.gur.gov.ua/en/transport/shadow-fleet/1215,GUR War & Sanctions – Marine vessels
TRUST,9382798,629009638,https://war-sanctions.gur.gov.ua/en/transport/shadow-fleet/626,GUR War & Sanctions – Marine vessels
SARASWATI,9383869,352005254,https://war-sanctions.gur.gov.ua/en/transport/shadow-fleet/1040,GUR War & Sanctions – Marine vessels
EMINENT,9383950,,https://war-sanctions.gur.gov.ua/en/transport/shadow-fleet/557,GUR War & Sanctions – Marine vessels
LION I,9384069,352005346,https://war-sanctions.gur.gov.ua/en/transport/shadow-fleet/1037,GUR War & Sanctions – Marine vessels
RAGNAR,9384095,511100983,https://war-sanctions.gur.gov.ua/en/transport/shadow-fleet/1030,GUR War & Sanctions – Marine vessels
UNIVERSAL,9384306,273271630,https://war-sanctions.gur.gov.ua/en/transport/shadow-fleet/746,GUR War & Sanctions – Marine vessels
BELOMOR,9384435,273272930,https://war-sanctions.gur.gov.ua/en/transport/shadow-fleet/1022,GUR War & Sanctions – Marine vessels
BARENTS,9384447,273279830,https://war-sanctions.gur.gov.ua/en/transport/shadow-fleet/1009,GUR War & Sanctions – Marine vessels
ONEGA,9384459,273273930,https://war-sanctions.gur.gov.ua/en/transport/shadow-fleet/806,GUR War & Sanctions – Marine vessels
MARS 6,9384992,352005360,https://war-sanctions.gur.gov.ua/en/transport/shadow-fleet/851,GUR War & Sanctions – Marine vessels
ALMOND,9385142,273276930,https://war-sanctions.gur.gov.ua/en/transport/shadow-fleet/665,GUR War & Sanctions – Marine vessels
LERUO,9385831,667002320,https://war-sanctions.gur.gov.ua/en/transport/shadow-fleet/1060,GUR War & Sanctions – Marine vessels
SPRING FORTUNE,9386536,629009048,https://war-sanctions.gur.gov.ua/en/transport/shadow-fleet/618,GUR War & Sanctions – Marine vessels
AZURE,9387255,511101775,https://war-sanctions.gur.gov.ua/en/transport/shadow-fleet/461,GUR War & Sanctions – Marine vessels
ETHERA,9387279,632001149,https://war-sanctions.gur.gov.ua/en/transport/shadow-fleet/795,GUR War & Sanctions – Marine vessels
MANASLU,9388027,352002116,https://war-sanctions.gur.gov.ua/en/transport/shadow-fleet/796,GUR War & Sanctions – Marine vessels
FONDEYA,9388742,620800039,https://war-sanctions.gur.gov.ua/en/transport/shadow-fleet/462,GUR War & Sanctions – Marine vessels
LONG BAI,9388754,352002820,https://war-sanctions.gur.gov.ua/en/transport/shadow-fleet/541,GUR War & Sanctions – Marine vessels
DESTAN,9388766,668116367,https://war-sanctions.gur.gov.ua/en/transport/shadow-fleet/505,GUR War & Sanctions – Marine vessels
BAI LU,9388780,668116211,https://war-sanctions.gur.gov.ua/en/transport/shadow-fleet/458,GUR War & Sanctions – Marine vessels
UNITY,9388792,644000341,https://war-sanctions.gur.gov.ua/en/transport/shadow-fleet/499,GUR War & Sanctions – Marine vessels
TANGO 2,9389071,352005354,https://war-sanctions.gur.gov.ua/en/transport/shadow-fleet/1197,GUR War & Sanctions – Marine vessels
TIGER 6,9389083,352005486,https://war-sanctions.gur.gov.ua/en/transport/shadow-fleet/1198,GUR War & Sanctions – Marine vessels
MINION,9389095,667002020,https://war-sanctions.gur.gov.ua/en/transport/shadow-fleet/1145,GUR War & Sanctions – Marine vessels
SMYRTOS,9389100,352005289,https://war-sanctions.gur.gov.ua/en/transport/shadow-fleet/1052,GUR War & Sanctions – Marine vessels
LIETO,9389679,577399000,https://war-sanctions.gur.gov.ua/en/transport/shadow-fleet/538,GUR War & Sanctions – Marine vessels
ONEIROI,9390587,352002241,https://war-sanctions.gur.gov.ua/en/transport/shadow-fleet/797,GUR War & Sanctions – Marine vessels
MESTRAL,9391402,352004840,https://war-sanctions.gur.gov.ua/en/transport/shadow-fleet/915,GUR War & Sanctions – Marine vessels
LOTUS,9392822,655150427,https://war-sanctions.gur.gov.ua/en/transport/shadow-fleet/534,GUR War & Sanctions – Marine vessels
WALER,9393668,352002874,https://war-sanctions.gur.gov.ua/en/transport/shadow-fleet/914,GUR War & Sanctions – Marine vessels
OZANNO,9394935,620999978,https://war-sanctions.gur.gov.ua/en/transport/shadow-fleet/259,GUR War & Sanctions – Marine vessels
FORTIS,9395379,613702110,https://war-sanctions.gur.gov.ua/en/transport/shadow-fleet/1019,GUR War & Sanctions – Marine vessels
HANNA,9397456,352004563,https://war-sanctions.gur.gov.ua/en/transport/shadow-fleet/1123,GUR War & Sanctions – Marine vessels
JUPITER,9397535,273265590,https://war-sanctions.gur.gov.ua/en/transport/shadow-fleet/683,GUR War & Sanctions – Marine vessels
ARIADNE,9397547,273268690,https://war-sanctions.gur.gov.ua/en/transport/shadow-fleet/654,GUR War & Sanctions – Marine vessels
ARIA,9397559,273267690,https://war-sanctions.gur.gov.ua/en/transport/shadow-fleet/681,GUR War & Sanctions – Marine vessels
NASIMI,9397676,423046100,https://war-sanctions.gur.gov.ua/en/transport/shadow-fleet/1065,GUR War & Sanctions – Marine vessels
LLEVANT,9399480,352004616,https://war-sanctions.gur.gov.ua/en/transport/shadow-fleet/906,GUR War & Sanctions – Marine vessels
OMNI,9400980,352001876,https://war-sanctions.gur.gov.ua/en/transport/shadow-fleet/798,GUR War & Sanctions – Marine vessels
SARA SKY,9402328,667002520,https://war-sanctions.gur.gov.ua/en/transport/shadow-fleet/1199,GUR War & Sanctions – Marine vessels
FREDA,9402469,352003485,https://war-sanctions.gur.gov.ua/en/transport/shadow-fleet/539,GUR War & Sanctions – Marine vessels
APAR,9402471,621819008,https://war-sanctions.gur.gov.ua/en/transport/shadow-fleet/275,GUR War & Sanctions – Marine vessels
JEWEL 1,9402732,629009592,https://war-sanctions.gur.gov.ua/en/transport/shadow-fleet/775,GUR War & Sanctions – Marine vessels
THRON,9404948,620120256,https://war-sanctions.gur.gov.ua/en/transport/shadow-fleet/514,GUR War & Sanctions – Marine vessels
JUN TONG,9405057,613522701,https://war-sanctions.gur.gov.ua/en/transport/shadow-fleet/972,GUR War & Sanctions – Marine vessels
SAMOS,9408190,314001145,https://war-sanctions.gur.gov.ua/en/transport/shadow-fleet/1189,GUR War & Sanctions – Marine vessels
FAST KATHY,9408205,620999929,https://war-sanctions.gur.gov.ua/en/transport/shadow-fleet/476,GUR War & Sanctions – Marine vessels
EVITA,9408530,511101797,https://war-sanctions.gur.gov.ua/en/transport/shadow-fleet/1053,GUR War & Sanctions – Marine vessels
LING HONG,9408542,352005116,https://war-sanctions.gur.gov.ua/en/transport/shadow-fleet/1126,GUR War & Sanctions – Marine vessels
TASSOS,9408695,636022764,https://war-sanctions.gur.gov.ua/en/transport/shadow-fleet/485,GUR War & Sanctions – Marine vessels
SPIRIT 2,9409259,511101801,https://war-sanctions.gur.gov.ua/en/transport/shadow-fleet/605,GUR War & Sanctions – Marine vessels
PRAVASI,9409467,632001125,https://war-sanctions.gur.gov.ua/en/transport/shadow-fleet/719,GUR War & Sanctions – Marine vessels
JAYA,9410387,306033000,https://war-sanctions.gur.gov.ua/en/transport/shadow-fleet/643,GUR War & Sanctions – Marine vessels
ROWAN,9410870,632001096,https://war-sanctions.gur.gov.ua/en/transport/shadow-fleet/42,GUR War & Sanctions – Marine vessels
VALOUR,9410894,632001089,https://war-sanctions.gur.gov.ua/en/transport/shadow-fleet/41,GUR War & Sanctions – Marine vessels
BRATSK,9411020,273250630,https://war-sanctions.gur.gov.ua/en/transport/shadow-fleet/159,GUR War & Sanctions – Marine vessels
CANARA,9411331,,https://war-sanctions.gur.gov.ua/en/transport/shadow-fleet/661,GUR War & Sanctions – Marine vessels
BOND,9412335,461000240,https://war-sanctions.gur.gov.ua/en/transport/shadow-fleet/397,GUR War & Sanctions – Marine vessels
LYNX,9412347,461000241,https://war-sanctions.gur.gov.ua/en/transport/shadow-fleet/333,GUR War & Sanctions – Marine vessels
BELGOROD,9412359,273259530,https://war-sanctions.gur.gov.ua/en/transport/shadow-fleet/167,GUR War & Sanctions – Marine vessels
NILANGA,9412452,352004926,https://war-sanctions.gur.gov.ua/en/transport/shadow-fleet/1193,GUR War & Sanctions – Marine vessels
KRUGER,9412995,632001090,https://war-sanctions.gur.gov.ua/en/transport/shadow-fleet/49,GUR War & Sanctions – Marine vessels
HORAE,9413004,352179000,https://war-sanctions.gur.gov.ua/en/transport/shadow-fleet/799,GUR War & Sanctions – Marine vessels
AMULET,9413547,461000238,https://war-sanctions.gur.gov.ua/en/transport/shadow-fleet/400,GUR War & Sanctions – Marine vessels
ANTARKTIKA,9413559,273251530,https://war-sanctions.gur.gov.ua/en/transport/shadow-fleet/155,GUR War & Sanctions – Marine vessels
ARROW,9413561,461000236,https://war-sanctions.gur.gov.ua/en/transport/shadow-fleet/332,GUR War & Sanctions – Marine vessels
ARCADIA,9413573,461000247,https://war-sanctions.gur.gov.ua/en/transport/shadow-fleet/398,GUR War & Sanctions – Marine vessels
OCEAN THUNDER,9416422,352003620,https://war-sanctions.gur.gov.ua/en/transport/shadow-fleet/468,GUR War & Sanctions – Marine vessels
ANIKA,9417464,352002243,https://war-sanctions.gur.gov.ua/en/transport/shadow-fleet/548,GUR War & Sanctions – Marine vessels
CETUS,9418482,668116310,https://war-sanctions.gur.gov.ua/en/transport/shadow-fleet/492,GUR War & Sanctions – Marine vessels
ZALIV ANIVA,9418494,620999817,https://war-sanctions.gur.gov.ua/en/transport/shadow-fleet/335,GUR War & Sanctions – Marine vessels
SIKAR,9419137,629009628,https://war-sanctions.gur.gov.ua/en/transport/shadow-fleet/540,GUR War & Sanctions – Marine vessels
WU TAI,9419151,352004325,https://war-sanctions.gur.gov.ua/en/transport/shadow-fleet/1026,GUR War & Sanctions – Marine vessels
HENG TAI,9419448,,https://war-sanctions.gur.gov.ua/en/transport/shadow-fleet/699,GUR War & Sanctions – Marine vessels
JEWEL,9419450,374987000,https://war-sanctions.gur.gov.ua/en/transport/shadow-fleet/1187,GUR War & Sanctions – Marine vessels
ZANGAZUR,9420617,423530100,https://war-sanctions.gur.gov.ua/en/transport/shadow-fleet/873,GUR War & Sanctions – Marine vessels
PRIMORYE,9421960,273255610,https://war-sanctions.gur.gov.ua/en/transport/shadow-fleet/221,GUR War & Sanctions – Marine vessels
SPARTAN,9421972,461000232,https://war-sanctions.gur.gov.ua/en/transport/shadow-fleet/403,GUR War & Sanctions – Marine vessels
SIRIUS,9422445,620999942,https://war-sanctions.gur.gov.ua/en/transport/shadow-fleet/474,GUR War & Sanctions – Marine vessels
BOBCAT,9422457,461000234,https://war-sanctions.gur.gov.ua/en/transport/shadow-fleet/402,GUR War & Sanctions – Marine vessels
VOLANS,9422988,314679000,https://war-sanctions.gur.gov.ua/en/transport/shadow-fleet/521,GUR War & Sanctions – Marine vessels
MANTA,9424651,667001259,https://war-sanctions.gur.gov.ua/en/transport/shadow-fleet/1006,GUR War & Sanctions – Marine vessels
SONA,9428358,610107152,https://war-sanctions.gur.gov.ua/en/transport/shadow-fleet/990,GUR War & Sanctions – Marine vessels
GOGLAND,9430210,511100842,https://war-sanctions.gur.gov.ua/en/transport/shadow-fleet/1036,GUR War & Sanctions – Marine vessels
APATE,9433016,352002102,https://war-sanctions.gur.gov.ua/en/transport/shadow-fleet/800,GUR War & Sanctions – Marine vessels
NAUTILUS,9434890,577327000,https://war-sanctions.gur.gov.ua/en/transport/shadow-fleet/506,GUR War & Sanctions – Marine vessels
AKHTY,9435337,273338920,https://war-sanctions.gur.gov.ua/en/transport/shadow-fleet/1043,GUR War & Sanctions – Marine vessels
VOLGA RIVER,9435363,273339920,https://war-sanctions.gur.gov.ua/en/transport/shadow-fleet/996,GUR War & Sanctions – Marine vessels
IRTYSH RIVER,9435375,273332530,https://war-sanctions.gur.gov.ua/en/transport/shadow-fleet/997,GUR War & Sanctions – Marine vessels
SAMIRA,9436006,620999939,https://war-sanctions.gur.gov.ua/en/transport/shadow-fleet/517,GUR War & Sanctions – Marine vessels
DG HONG KONG,9436018,613503100,https://war-sanctions.gur.gov.ua/en/transport/shadow-fleet/598,GUR War & Sanctions – Marine vessels
CENTURION I,9436020,352005238,https://war-sanctions.gur.gov.ua/en/transport/shadow-fleet/1191,GUR War & Sanctions – Marine vessels
YI MENG SHAN,9436941,620999856,https://war-sanctions.gur.gov.ua/en/transport/shadow-fleet/472,GUR War & Sanctions – Marine vessels
CAI YUN,9437983,667001407,https://war-sanctions.gur.gov.ua/en/transport/shadow-fleet/1005,GUR War & Sanctions – Marine vessels
BHILVA,9439383,352004905,https://war-sanctions.gur.gov.ua/en/transport/shadow-fleet/1183,GUR War & Sanctions – Marine vessels
ORSA,9439400,314001132,https://war-sanctions.gur.gov.ua/en/transport/shadow-fleet/875,GUR War & Sanctions – Marine vessels
BOLU,9439539,314001144,https://war-sanctions.gur.gov.ua/en/transport/shadow-fleet/1190,GUR War & Sanctions – Marine vessels
NEMRUT,9439541,632001147,https://war-sanctions.gur.gov.ua/en/transport/shadow-fleet/1171,GUR War & Sanctions – Marine vessels
MARKAB,9441958,626459000,https://war-sanctions.gur.gov.ua/en/transport/shadow-fleet/953,GUR War & Sanctions – Marine vessels
YURI KORCHAGIN,9448968,273335620,https://war-sanctions.gur.gov.ua/en/transport/shadow-fleet/1078,GUR War & Sanctions – Marine vessels
FELIKS,9459242,667002315,https://war-sanctions.gur.gov.ua/en/transport/shadow-fleet/1035,GUR War & Sanctions – Marine vessels
BALU 6,9460564,352005437,https://war-sanctions.gur.gov.ua/en/transport/shadow-fleet/1186,GUR War & Sanctions – Marine vessels
AURA 1,9472634,352005472,https://war-sanctions.gur.gov.ua/en/transport/shadow-fleet/1185,GUR War & Sanctions – Marine vessels
ZEAL,9486805,626017000,https://war-sanctions.gur.gov.ua/en/transport/shadow-fleet/1182,GUR War & Sanctions – Marine vessels
PAXMARIS,9495832,,https://war-sanctions.gur.gov.ua/en/transport/shadow-fleet/984,GUR War & Sanctions – Marine vessels
ZAGATALA,9498171,423306100,https://war-sanctions.gur.gov.ua/en/transport/shadow-fleet/1224,GUR War & Sanctions – Marine vessels
GENERAL SKOBELEV,9503304,273335920,https://war-sanctions.gur.gov.ua/en/transport/shadow-fleet/640,GUR War & Sanctions – Marine vessels
OLYMPUS,9511387,620999806,https://war-sanctions.gur.gov.ua/en/transport/shadow-fleet/334,GUR War & Sanctions – Marine vessels
MIRABEL,9511521,461000255,https://war-sanctions.gur.gov.ua/en/transport/shadow-fleet/399,GUR War & Sanctions – Marine vessels
PRIMAVERA,9511533,461000256,https://war-sanctions.gur.gov.ua/en/transport/shadow-fleet/264,GUR War & Sanctions – Marine vessels
FEARLESS,9513139,629009626,https://war-sanctions.gur.gov.ua/en/transport/shadow-fleet/490,GUR War & Sanctions – Marine vessels
SIERRA,9522324,629009634,https://war-sanctions.gur.gov.ua/en/transport/shadow-fleet/404,GUR War & Sanctions – Marine vessels
SABINA,9524451,620999938,https://war-sanctions.gur.gov.ua/en/transport/shadow-fleet/559,GUR War & Sanctions – Marine vessels
SATARA,9524463,629009642,https://war-sanctions.gur.gov.ua/en/transport/shadow-fleet/489,GUR War & Sanctions – Marine vessels
SAKINA,9530917,620999941,https://war-sanctions.gur.gov.ua/en/transport/shadow-fleet/560,GUR War & Sanctions – Marine vessels
MOLLY,9531375,620693000,https://war-sanctions.gur.gov.ua/en/transport/shadow-fleet/1170,GUR War & Sanctions – Marine vessels
FOURACE,9531387,620527000,https://war-sanctions.gur.gov.ua/en/transport/shadow-fleet/1178,GUR War & Sanctions – Marine vessels
CORUS,9544281,620999748,https://war-sanctions.gur.gov.ua/en/transport/shadow-fleet/450,GUR War & Sanctions – Marine vessels
XING CHEN,9550682,511101762,https://war-sanctions.gur.gov.ua/en/transport/shadow-fleet/1028,GUR War & Sanctions – Marine vessels
COURAGE 7,9553957,626046000,https://war-sanctions.gur.gov.ua/en/transport/shadow-fleet/1165,GUR War & Sanctions – Marine vessels
VELIX,9554822,620800064,https://war-sanctions.gur.gov.ua/en/transport/shadow-fleet/1166,GUR War & Sanctions – Marine vessels
XARON,9554834,620999950,https://war-sanctions.gur.gov.ua/en/transport/shadow-fleet/1162,GUR War & Sanctions – Marine vessels
MAHADEV,9571052,511101519,https://war-sanctions.gur.gov.ua/en/transport/shadow-fleet/1168,GUR War & Sanctions – Marine vessels
PREMIER,9577082,629009640,https://war-sanctions.gur.gov.ua/en/transport/shadow-fleet/611,GUR War & Sanctions – Marine vessels
PATHFINDER,9577094,620800041,https://war-sanctions.gur.gov.ua/en/transport/shadow-fleet/615,GUR War & Sanctions – Marine vessels
MARLIN,9585912,273452590,https://war-sanctions.gur.gov.ua/en/transport/shadow-fleet/1066,GUR War & Sanctions – Marine vessels
KALUGA,9585924,273298630,https://war-sanctions.gur.gov.ua/en/transport/shadow-fleet/853,GUR War & Sanctions – Marine vessels
DANSHUI,9589750,610000037,https://war-sanctions.gur.gov.ua/en/transport/shadow-fleet/488,GUR War & Sanctions – Marine vessels
JUPITER I,9599341,273253180,https://war-sanctions.gur.gov.ua/en/transport/shadow-fleet/807,GUR War & Sanctions – Marine vessels
VENUS III,9599353,273255980,https://war-sanctions.gur.gov.ua/en/transport/shadow-fleet/1025,GUR War & Sanctions – Marine vessels
ZENITH,9610781,620999841,https://war-sanctions.gur.gov.ua/en/transport/shadow-fleet/327,GUR War & Sanctions – Marine vessels
GEORGY MASLOV,9610793,273259730,https://war-sanctions.gur.gov.ua/en/transport/shadow-fleet/154,GUR War & Sanctions – Marine vessels
ANATOLY KOLODKIN,9610808,273253130,https://war-sanctions.gur.gov.ua/en/transport/shadow-fleet/158,GUR War & Sanctions – Marine vessels
VIKTOR BAKAEV,9610810,273258810,https://war-sanctions.gur.gov.ua/en/transport/shadow-fleet/215,GUR War & Sanctions – Marine vessels
YULIY MAKARENKOV,9612923,273351260,https://war-sanctions.gur.gov.ua/en/transport/shadow-fleet/1082,GUR War & Sanctions – Marine vessels
KARAKUZ,9621558,273359180,https://war-sanctions.gur.gov.ua/en/transport/shadow-fleet/1121,GUR War & Sanctions – Marine vessels
BAVLY,9621560,273358180,https://war-sanctions.gur.gov.ua/en/transport/shadow-fleet/1211,GUR War & Sanctions – Marine vessels
STANISLAV GOVORUKHIN,9621596,273258520,https://war-sanctions.gur.gov.ua/en/transport/shadow-fleet/1208,GUR War & Sanctions – Marine vessels
AURA,9624316,273355480,https://war-sanctions.gur.gov.ua/en/transport/shadow-fleet/1147,GUR War & Sanctions – Marine vessels
SERGEY TERSKOV,9637961,273387430,https://war-sanctions.gur.gov.ua/en/transport/shadow-fleet/1046,GUR War & Sanctions – Marine vessels
VELES,9640516,273353450,https://war-sanctions.gur.gov.ua/en/transport/shadow-fleet/998,GUR War & Sanctions – Marine vessels
POSEIDON S,9640528,273354450,https://war-sanctions.gur.gov.ua/en/transport/shadow-fleet/999,GUR War & Sanctions – Marine vessels
BM FLOT-1,9640530,273355450,https://war-sanctions.gur.gov.ua/en/transport/shadow-fleet/1209,GUR War & Sanctions – Marine vessels
SANAR-18,9645011,273358170,https://war-sanctions.gur.gov.ua/en/transport/shadow-fleet/1049,GUR War & Sanctions – Marine vessels
SATURN I,9655470,273259970,https://war-sanctions.gur.gov.ua/en/transport/shadow-fleet/995,GUR War & Sanctions – Marine vessels
DMITRY POKROVSKY,9683726,273332580,https://war-sanctions.gur.gov.ua/en/transport/shadow-fleet/1003,GUR War & Sanctions – Marine vessels
MIDVOLGA-3,9735141,273374820,https://war-sanctions.gur.gov.ua/en/transport/shadow-fleet/670,GUR War & Sanctions – Marine vessels
LADA,9749130,511101480,https://war-sanctions.gur.gov.ua/en/transport/shadow-fleet/669,GUR War & Sanctions – Marine vessels
KUPAVA,9749154,273380170,https://war-sanctions.gur.gov.ua/en/transport/shadow-fleet/671,GUR War & Sanctions – Marine vessels
NIKOLAY GAMAYUNOV,9766073,511101517,https://war-sanctions.gur.gov.ua/en/transport/shadow-fleet/1150,GUR War & Sanctions – Marine vessels
NIKOLAY VELIKIY,9766085,273427090,https://war-sanctions.gur.gov.ua/en/transport/shadow-fleet/1151,GUR War & Sanctions – Marine vessels
SHUSHA,9779941,423519100,https://war-sanctions.gur.gov.ua/en/transport/shadow-fleet/911,GUR War & Sanctions – Marine vessels
KARABAKH,9810513,423520100,https://war-sanctions.gur.gov.ua/en/transport/shadow-fleet/876,GUR War & Sanctions – Marine vessels
GALIASGAR KAMAL,9820776,352003039,https://war-sanctions.gur.gov.ua/en/transport/shadow-fleet/1207,GUR War & Sanctions – Marine vessels
GALAXY,9826902,461000329,https://war-sanctions.gur.gov.ua/en/transport/shadow-fleet/263,GUR War & Sanctions – Marine vessels
VELMAR,9832547,620999940,https://war-sanctions.gur.gov.ua/en/transport/shadow-fleet/518,GUR War & Sanctions – Marine vessels
VIRAT,9832559,620999937,https://war-sanctions.gur.gov.ua/en/transport/shadow-fleet/519,GUR War & Sanctions – Marine vessels
VLADIMIR MONOMAKH,9842176,273211040,https://war-sanctions.gur.gov.ua/en/transport/shadow-fleet/750,GUR War & Sanctions – Marine vessels
VLADIMIR VINOGRADOV,9842188,273295230,https://war-sanctions.gur.gov.ua/en/transport/shadow-fleet/622,GUR War & Sanctions – Marine vessels
AKADEMIK GUBKIN,9842190,273616040,https://war-sanctions.gur.gov.ua/en/transport/shadow-fleet/647,GUR War & Sanctions – Marine vessels
VOYAGER,9843560,461000326,https://war-sanctions.gur.gov.ua/en/transport/shadow-fleet/423,GUR War & Sanctions – Marine vessels
OKEANSKY PROSPECT,9866380,273618730,https://war-sanctions.gur.gov.ua/en/transport/shadow-fleet/627,GUR War & Sanctions – Marine vessels
VOSTOCHNY PROSPECT,9866392,273611590,https://war-sanctions.gur.gov.ua/en/transport/shadow-fleet/623,GUR War & Sanctions – Marine vessels
KHANKENDI,9867621,423543100,https://war-sanctions.gur.gov.ua/en/transport/shadow-fleet/1218,GUR War & Sanctions – Marine vessels
VLADIMIR ARSENYEV,9901025,620999852,https://war-sanctions.gur.gov.ua/en/transport/shadow-fleet/678,GUR War & Sanctions – Marine vessels
NIKOLAY ZADORNOV,9901037,629009620,https://war-sanctions.gur.gov.ua/en/transport/shadow-fleet/679,GUR War & Sanctions – Marine vessels
